kind,scenario,volume,concurrency,repeat,index,transactionHash,blockNumber,gasUsed,gasPriceWei,feeWei,submissionMs,confirmationWaitMs,transactionLatencyMs,success
student-registration,workflow,,,,,0x0da0f4ed296305dbe30b0d93df4b90a4714181ed3a8b47ac92f43c54ca7831fb,2,69996,2000000000,139992000000000,71.01268999999957,118.93983900000057,189.95252900000014,true
university-registration,workflow,,,,,0x2cc952f4a87b049fe255a9b5dd82c8d06bb038c52df9e9a3282d711308241498,3,116117,2000000000,232234000000000,86.1735979999994,225.438486,311.6120839999994,true
approval,workflow,,,,,0x7de83148f36aff846a0fb0c70abc256b33e61e34f8a1589b23feebb11972476a,4,29108,2000000000,58216000000000,72.86995600000046,163.25902599999972,236.12898200000018,true
warmup-issuance,workflow,,,,0,0xb7b5ad3f89edb82d8be2e07fd853190c0c6ccc408fd7ed8b90c38ed8ee17906f,5,145197,2000000000,290394000000000,78.63001099999929,267.0627050000003,345.69271599999956,true
warmup-issuance,workflow,,,,1,0x6dcd027d370b1c6c21e5791adfe8f9c80f9303919285fbad64c45616701bc3ae,7,128097,2000000000,256194000000000,151.01654999999937,226.2347180000006,377.251268,true
issuance,workflow,,,,2,0xdf8459379ddaf5f614d9d80bbec8a8f50fd9bf3c1cabc7be2374f12774b53b33,9,128097,2000000000,256194000000000,128.49389400000018,297.20856899999944,425.7024629999996,true
issuance,workflow,,,,3,0x03286cff726650757ee4dbf1e1181a2ecad0d6e23fb082d2eab2d373c7b8db36,11,128097,2000000000,256194000000000,132.45752899999934,216.799266,349.25679499999933,true
issuance,workflow,,,,4,0x4322cfbc56cefa4f466186f2faf4de8bf3ed5e2c2d9d0adc03930834b6a772df,12,128097,2000000000,256194000000000,87.01379600000018,82.93959099999938,169.95338699999957,true
issuance,workflow,,,,5,0x28b940f0d139dd59ae1170ea8d44a230ffae55de87b3e3aa4be5d99899bac8c4,14,128097,2000000000,256194000000000,133.09203699999944,250.0303560000002,383.12239299999965,true
issuance,workflow,,,,6,0x4ad7d1bcff2901a06fad7b0d334c65aa53f8b9e2cced6db2c84c381b987552e3,16,128097,2000000000,256194000000000,91.39908900000046,287.54177700000037,378.9408660000008,true
issuance,workflow,,,,7,0xf3edcf2668a54b8ab4a89bff30250d81349dbdc70cfb3354d2508683d0626fd2,17,128085,2000000000,256170000000000,93.59958499999993,85.08764899999915,178.68723399999908,true
issuance,workflow,,,,8,0x8ab2ca8e226b8b4d737ad5daa909bbe998ae89c12242c4f869c65d81aa7680f7,19,128085,2000000000,256170000000000,115.51178900000014,305.7214499999991,421.23323899999923,true
issuance,workflow,,,,9,0x599823fd9971e159ef22fce59510ca3a9be57d607d051e410788259f04fc461d,20,128097,2000000000,256194000000000,80.03057500000068,83.2462660000001,163.2768410000008,true
issuance,workflow,,,,10,0xd2814a91f208b18b63a56aa49a78045f45b29e050567b968c4365af7641c9315,22,128097,2000000000,256194000000000,107.91477000000123,341.20171200000004,449.11648200000127,true
issuance,workflow,,,,11,0x7db025f662881ff57ed0e873e75c6de028a7d9ef21b866f011d024425920266a,24,128097,2000000000,256194000000000,82.0064939999993,293.79741699999977,375.80391099999906,true
issuance,workflow,,,,12,0x63e1d43936aa9a1694deab71bcbd8b21a6ce93ff8a9522e72fe2defd82f0e82d,25,128097,2000000000,256194000000000,84.2997749999995,82.63391799999954,166.93369299999904,true
issuance,workflow,,,,13,0x02ef203e26d90bbc2803806d726ad51d632b134e18ec7d6840e5cb03bb702ca4,26,128097,2000000000,256194000000000,93.39442400000007,96.91687300000012,190.3112970000002,true
issuance,workflow,,,,14,0x39f2335fd86f8a4a4c0b6c6cd4b4be219bb1f7c98b8cbf94b7c8614fac954329,27,128097,2000000000,256194000000000,87.31534100000135,35.51537599999938,122.83071700000073,true
issuance,workflow,,,,15,0xc0476a5983169dbad71ce33fcb2c8e42895dadb407eaf81035e8b0d8f70abee7,28,128097,2000000000,256194000000000,78.15178600000036,122.69263499999943,200.84442099999978,true
issuance,workflow,,,,16,0x3029edfa91934e3d71debac4891f6c748603fd83227735b248d453c8904538d0,30,128097,2000000000,256194000000000,74.9339570000011,295.53590599999916,370.46986300000026,true
issuance,workflow,,,,17,0x84b8fab28da7cec27466450ecb6ad292a5cbb39f15414c32206fcaba07542d2e,32,128097,2000000000,256194000000000,85.57186700000057,296.6983909999999,382.27025800000047,true
issuance,workflow,,,,18,0xc41069405e357e259cbb1ec6c8eac2405528aa17667f4eec83a01524c3c32aaa,34,128097,2000000000,256194000000000,102.24552800000129,291.21494899999925,393.46047700000054,true
issuance,workflow,,,,19,0x9da7bf688cb2a67dbf752d4cc81cdecee65de0552984536dc17193d991c30be1,36,128097,2000000000,256194000000000,90.85162799999853,289.3910070000002,380.2426349999987,true
issuance,workflow,,,,20,0xfe2eae9d8dd01e5b06ee69af764d773d30647facbc6f4c91a8fad1071553a5bc,38,128097,2000000000,256194000000000,82.72451899999942,298.65580800000134,381.38032700000076,true
issuance,workflow,,,,21,0x2a9634b000750783378a12ab6035b5e99c8f9580531ed48850e0713b5ef1c853,39,128097,2000000000,256194000000000,87.60419099999854,78.40693700000156,166.0111280000001,true
issuance,workflow,,,,22,0x660b0112bdaaa6ea6b46ba3747abb4dbf1ac7172af1dea2b1b76d0ce83c6c6a2,41,128097,2000000000,256194000000000,118.14926299999934,292.3187620000008,410.4680250000001,true
issuance,workflow,,,,23,0xb1c5129d8f8a5d024f6b93604a64c1e00d376c2a2399257b93644cb222a16489,43,128085,2000000000,256170000000000,105.9565709999988,287.74514400000044,393.70171499999924,true
issuance,workflow,,,,24,0x1cc287fdc616de657e4844f722cb91999c742ee1d231884505e56d116ae03358,44,128097,2000000000,256194000000000,76.64238800000021,79.19328799999857,155.83567599999878,true
issuance,workflow,,,,25,0x2a841f6a6c9ed17895757a804865409f1781908e657556f68f45a3baffbb8e85,45,128097,2000000000,256194000000000,74.14395100000002,76.9252550000001,151.06920600000012,true
issuance,workflow,,,,26,0xd384be76f61254ebf40c07cd42def9d7511a9157b3f48dc948a12f289742edb5,46,128097,2000000000,256194000000000,91.5077769999989,78.76255999999921,170.2703369999981,true
issuance,workflow,,,,27,0x91a322ed82b014ea1544d3b273bfc0a3977ea525d22718e0a5bfc2272948149a,47,128097,2000000000,256194000000000,86.34693799999877,76.92985799999951,163.27679599999828,true
issuance,workflow,,,,28,0x65416341cef8a509b27c1144df35584a64d92ed06777cc333374c7d78cd5a682,48,128097,2000000000,256194000000000,70.21879199999967,125.25640900000144,195.4752010000011,true
issuance,workflow,,,,29,0x90288c8c7e348358af51936a987d7434bfd6ed5052ba2aaa2ea7f83d5be8e8f4,50,128097,2000000000,256194000000000,80.50267699999677,328.8087919999998,409.3114689999966,true
issuance,workflow,,,,30,0x0a7ed4452f4b77f490c5cf184d3dc82e51631cbc76179bf0aa55bc09623afea2,51,128097,2000000000,256194000000000,83.8943500000023,34.44410099999732,118.33845099999962,true
issuance,workflow,,,,31,0x7a64f2c5ba1dddd172c4db322fd178c069beccf3e39fa9efff1bf71d9efa8379,52,128097,2000000000,256194000000000,76.16705100000036,118.63951900000029,194.80657000000065,true
revocation,workflow,,,,,0x3753483c4ad1da0b60a1d0c52f6af06acec8d149867cf56d2e35f4e477800440,54,93178,2000000000,186356000000000,61.85023699999874,164.0327529999995,225.88298999999824,true
student-registration,N10-C4-R1,,,,,0x95fa9c008f132e070fc5e6836bf1dfa6065abc592e9c0f499a49ed84cd6f67af,2,69996,2000000000,139992000000000,61.02941699999792,201.67000499999995,262.69942199999787,true
university-registration,N10-C4-R1,,,,,0x2cc952f4a87b049fe255a9b5dd82c8d06bb038c52df9e9a3282d711308241498,3,116117,2000000000,232234000000000,66.65473900000143,211.93059999999969,278.5853390000011,true
approval,N10-C4-R1,,,,,0x7de83148f36aff846a0fb0c70abc256b33e61e34f8a1589b23feebb11972476a,4,29108,2000000000,58216000000000,64.86557499999981,167.8806889999978,232.7462639999976,true
university-registration,N10-C4-R1,,,,,0x90a008e592bf3608986d7f3f742076fe15461e3249dd45556f591e7ea2129990,5,99017,2000000000,198034000000000,67.0450869999986,208.23255300000164,275.27764000000025,true
approval,N10-C4-R1,,,,,0x2a7f7922da02a89e6da668518e1ba7c893617730abccd72175ebb5e8ae177c6e,6,29108,2000000000,58216000000000,67.68252399999983,203.32953400000042,271.01205800000025,true
university-registration,N10-C4-R1,,,,,0xbfa020197992959ac64b4a9268becdfec8ace8f7d163e4315c0a6b2ed3e11684,7,99017,2000000000,198034000000000,67.62916399999813,158.47766500000216,226.1068290000003,true
approval,N10-C4-R1,,,,,0xd09904678371e8f5da7968f4e011a42c2f5cb175442e66a7cb94ec9e5f91d374,8,29108,2000000000,58216000000000,59.99909399999888,209.17282800000248,269.17192200000136,true
university-registration,N10-C4-R1,,,,,0xc0a13757b334f7a5e49bb21be3e8c0b348c40be4f15a10deb0b7e1cae54f16a1,9,99017,2000000000,198034000000000,82.94799500000227,203.1382819999999,286.08627700000216,true
approval,N10-C4-R1,,,,,0x5a02caf239f3618a3bf5e3a7469e3b64f0aaa7aad6badcd67ab3f23c50fcbd5b,10,29108,2000000000,58216000000000,67.79635699999926,158.9332469999972,226.72960399999647,true
load-issuance,N10-C4-R1,10,4,1,0,0x4ac32078e35a2e479a7fcb9f83b488a3535a0ddc284492d5420225aacfad2191,11,145197,2000000000,290394000000000,39.300295000000915,291.9789869999986,331.2792819999995,true
load-issuance,N10-C4-R1,10,4,1,1,0xa3992e8496d7dcf7cc84035f40184e8101b89cbbfa449d19378bf1c6d2fe5666,11,128097,2000000000,256194000000000,39.127276999999594,291.9915660000006,331.1188430000002,true
load-issuance,N10-C4-R1,10,4,1,2,0xb95ec2251a7fb77f35eaae45f54560d892b4d614aa6dfd62f8f641c3db9566e0,11,128097,2000000000,256194000000000,39.02205099999992,291.9927380000008,331.01478900000075,true
load-issuance,N10-C4-R1,10,4,1,3,0x523bbca3c6d1ba5da8d87d644b4df32d33d1a7b801fa66c94f4b940a8a6134c5,11,128097,2000000000,256194000000000,38.987152999998216,291.9932310000004,330.9803839999986,true
load-issuance,N10-C4-R1,10,4,1,4,0xb3bf3fb0cb998e7594739a572cf5b4ea1e044ab8e646ce0c7b5f287a273f6539,12,128097,2000000000,256194000000000,38.56116699999984,260.11224100000254,298.6734080000024,true
load-issuance,N10-C4-R1,10,4,1,5,0x0f8b0d27dd3b7350fd821c6b41d7de16bc8400a05318a5c28c4f0a5afa225fb6,12,128085,2000000000,256170000000000,38.422858999998425,260.1055860000015,298.5284449999999,true
load-issuance,N10-C4-R1,10,4,1,6,0x2bfd8857f8b028ee5b4a4946c02b0e4b3991005b73f36c71df3f541f92defbd6,12,128085,2000000000,256170000000000,38.378311000000394,260.1060319999997,298.4843430000001,true
load-issuance,N10-C4-R1,10,4,1,7,0x2efd901282b7fdafa3c4711856b2c367c25a4eb1436e53198527ef691d5a43b3,12,128097,2000000000,256194000000000,38.33838300000207,260.1055899999992,298.4439730000013,true
load-issuance,N10-C4-R1,10,4,1,8,0xd55ef7513fb0d8b50d48cc3c08db811328206fb4f08ef668d2673d97a438b7be,13,128097,2000000000,256194000000000,35.66002699999808,287.9557080000013,323.6157349999994,true
load-issuance,N10-C4-R1,10,4,1,9,0xb6100ec57114594a0baf437fac758bdd5355491f8912b754442eef9fc45c9ae0,13,128097,2000000000,256194000000000,35.4898260000009,287.9511459999994,323.44097200000033,true
student-registration,N10-C4-R2,,,,,0x1d6c738b6ac2ed55f60988b9db9ae99c11ad2be24ea97b5dbf6c9b5f651ce3d5,2,69996,2000000000,139992000000000,62.313115000000835,166.1286880000007,228.44180300000153,true
university-registration,N10-C4-R2,,,,,0x2cc952f4a87b049fe255a9b5dd82c8d06bb038c52df9e9a3282d711308241498,3,116117,2000000000,232234000000000,71.65247100000124,205.18073599999843,276.8332069999997,true
approval,N10-C4-R2,,,,,0x7de83148f36aff846a0fb0c70abc256b33e61e34f8a1589b23feebb11972476a,4,29108,2000000000,58216000000000,67.14800900000046,203.21628099999725,270.3642899999977,true
university-registration,N10-C4-R2,,,,,0x90a008e592bf3608986d7f3f742076fe15461e3249dd45556f591e7ea2129990,5,99017,2000000000,198034000000000,72.33464000000095,205.47339099999954,277.8080310000005,true
approval,N10-C4-R2,,,,,0x2a7f7922da02a89e6da668518e1ba7c893617730abccd72175ebb5e8ae177c6e,6,29108,2000000000,58216000000000,62.60733700000128,203.74174499999936,266.34908200000064,true
university-registration,N10-C4-R2,,,,,0xbfa020197992959ac64b4a9268becdfec8ace8f7d163e4315c0a6b2ed3e11684,7,99017,2000000000,198034000000000,85.2887260000025,159.7830389999981,245.0717650000006,true
approval,N10-C4-R2,,,,,0xd09904678371e8f5da7968f4e011a42c2f5cb175442e66a7cb94ec9e5f91d374,8,29108,2000000000,58216000000000,85.79548100000102,162.70145000000048,248.4969310000015,true
university-registration,N10-C4-R2,,,,,0xc0a13757b334f7a5e49bb21be3e8c0b348c40be4f15a10deb0b7e1cae54f16a1,9,99017,2000000000,198034000000000,108.91437199999928,161.6238650000014,270.53823700000066,true
approval,N10-C4-R2,,,,,0x5a02caf239f3618a3bf5e3a7469e3b64f0aaa7aad6badcd67ab3f23c50fcbd5b,10,29108,2000000000,58216000000000,65.24860500000068,208.44073099999878,273.68933599999946,true
load-issuance,N10-C4-R2,10,4,2,0,0xdd1e70dac662d25722eacf96c53c29b39f372a9ae7df190ff8e19cd7260abee9,11,145197,2000000000,290394000000000,42.146505000000616,262.7639620000009,304.9104670000015,true
load-issuance,N10-C4-R2,10,4,2,1,0x4f2a0dd8ab8d2c6ff6dd39245d1a8a54527ace00457cf7fbab246aca7a6d77ca,11,128097,2000000000,256194000000000,42.05807099999947,262.75841899999796,304.81648999999743,true
load-issuance,N10-C4-R2,10,4,2,2,0xe6d293d6c5184aebf9334dcdb5b0ab1c7c7baea1db467744ad34a440a82c1da9,11,128097,2000000000,256194000000000,42.03044800000134,262.75918100000126,304.7896290000026,true
load-issuance,N10-C4-R2,10,4,2,3,0x3a9ef4fd2e06a3de2418aff806b10791d7ae15ff5b021a538895c6701799291e,11,128085,2000000000,256170000000000,42.00442699999985,262.75982499999736,304.7642519999972,true
load-issuance,N10-C4-R2,10,4,2,4,0x17807578b37df742405c5b57a5ae6372e95f73375806b351540ae7535fb09f9b,12,128085,2000000000,256170000000000,40.719318999999814,286.5126799999998,327.23199899999963,true
load-issuance,N10-C4-R2,10,4,2,5,0x872c99ef6661958f3e13ea75182aaa3bc93dfa153b3318e882b869230697bd03,12,128097,2000000000,256194000000000,40.645464000001084,286.50427899999704,327.1497429999981,true
load-issuance,N10-C4-R2,10,4,2,6,0x112d607eb992745c33b163d37155f9011d3ef1821e5c8d41bca1db0e8e68894d,12,128097,2000000000,256194000000000,40.616760999997496,286.5057340000021,327.1224949999996,true
load-issuance,N10-C4-R2,10,4,2,7,0xfd18473e2d8b65c300e7143ac2af35597d4f1eb8605d1de505abb938b7e0153f,12,128085,2000000000,256170000000000,40.58854799999972,286.50600399999894,327.09455199999866,true
load-issuance,N10-C4-R2,10,4,2,8,0x67490798c02c858b9b2e6a450fa374e3f07b2bfa5c6243ae2af2808f07dff155,13,128097,2000000000,256194000000000,38.13631600000008,293.54786700000113,331.6841830000012,true
load-issuance,N10-C4-R2,10,4,2,9,0xe49e881c0d1ba131addfc83a74dac1ea1e40866059bc410706ac2a28150de365,13,128097,2000000000,256194000000000,38.04537100000016,293.5412069999984,331.58657799999855,true
student-registration,N10-C4-R3,,,,,0x4d680ecb92fc9f0f325d4281ad23e107f0908a10e5bfbb05e2a8dc78edbf8825,2,69996,2000000000,139992000000000,60.81220400000166,161.0792110000002,221.89141500000187,true
university-registration,N10-C4-R3,,,,,0x2cc952f4a87b049fe255a9b5dd82c8d06bb038c52df9e9a3282d711308241498,3,116117,2000000000,232234000000000,63.20490299999801,216.97371600000042,280.17861899999843,true
approval,N10-C4-R3,,,,,0x7de83148f36aff846a0fb0c70abc256b33e61e34f8a1589b23feebb11972476a,4,29108,2000000000,58216000000000,75.62593999999808,167.28963099999964,242.91557099999773,true
university-registration,N10-C4-R3,,,,,0x90a008e592bf3608986d7f3f742076fe15461e3249dd45556f591e7ea2129990,5,99017,2000000000,198034000000000,118.21385799999916,158.46402800000214,276.6778860000013,true
approval,N10-C4-R3,,,,,0x2a7f7922da02a89e6da668518e1ba7c893617730abccd72175ebb5e8ae177c6e,6,29108,2000000000,58216000000000,69.75917699999991,208.7346010000001,278.493778,true
university-registration,N10-C4-R3,,,,,0xbfa020197992959ac64b4a9268becdfec8ace8f7d163e4315c0a6b2ed3e11684,7,99017,2000000000,198034000000000,83.48627600000327,178.58209999999963,262.0683760000029,true
approval,N10-C4-R3,,,,,0xd09904678371e8f5da7968f4e011a42c2f5cb175442e66a7cb94ec9e5f91d374,8,29108,2000000000,58216000000000,69.5240589999994,159.1394130000008,228.66347200000018,true
university-registration,N10-C4-R3,,,,,0xc0a13757b334f7a5e49bb21be3e8c0b348c40be4f15a10deb0b7e1cae54f16a1,9,99017,2000000000,198034000000000,97.92673500000092,209.27949900000021,307.20623400000113,true
approval,N10-C4-R3,,,,,0x5a02caf239f3618a3bf5e3a7469e3b64f0aaa7aad6badcd67ab3f23c50fcbd5b,10,29108,2000000000,58216000000000,71.57139099999767,160.7027130000024,232.27410400000008,true
load-issuance,N10-C4-R3,10,4,3,0,0x16de593b86d0797a154566135eb63cf59b3c8a63a4f09965221b8f76352a1a26,11,145197,2000000000,290394000000000,38.49371600000086,283.25688699999955,321.7506030000004,true
load-issuance,N10-C4-R3,10,4,3,1,0x936b1caa357453c7e1eb2603e96221e2a6eb11a8a872e2b4b57f3c1a2a1671b0,11,128097,2000000000,256194000000000,38.33280400000149,283.2477629999994,321.5805670000009,true
load-issuance,N10-C4-R3,10,4,3,2,0x695bbd836cc4b786d51899b5f59d068749536e5bcf10edb813b2ecaee9b3ecdc,11,128097,2000000000,256194000000000,38.30172600000151,283.24958799999877,321.5513140000003,true
load-issuance,N10-C4-R3,10,4,3,3,0x0dc1dc5b8f4004d2ac33a042008b096bf2c0013ca5bac1670a6a7d520359a9e2,11,128097,2000000000,256194000000000,38.275736000003235,283.249362999999,321.52509900000223,true
load-issuance,N10-C4-R3,10,4,3,4,0xc6ca0eabcb8e0658915de621c1cddeb531ad777a60e1134a8eb6cdd6a13973da,12,128097,2000000000,256194000000000,39.631648999999015,294.5372180000013,334.1688670000003,true
load-issuance,N10-C4-R3,10,4,3,5,0x47a3a5d12a40c44512c969e8d37a459cffa06dc275bf4555b7ed6e809028d95b,12,128097,2000000000,256194000000000,39.5604940000012,294.5397550000016,334.1002490000028,true
load-issuance,N10-C4-R3,10,4,3,6,0xa28073815d2ccb6f358e29211141c5c52b619cdf5761747d7463e19997078d71,12,128085,2000000000,256170000000000,39.53255799999897,294.5436780000018,334.0762360000008,true
load-issuance,N10-C4-R3,10,4,3,7,0x1c4b464e958d5fd8d1fa30aedd344088356da181236cc5bc44ea27dd0c3398ed,12,128085,2000000000,256170000000000,39.49551699999938,294.5465469999981,334.0420639999975,true
load-issuance,N10-C4-R3,10,4,3,8,0x7da4f1f0338482d9c35be880a1dbc49029bcebd46d4a2c8a94681e7e9c5c9a08,13,128097,2000000000,256194000000000,41.35428399999728,254.66579400000046,296.02007799999774,true
load-issuance,N10-C4-R3,10,4,3,9,0x020baca95fb658c5f0c30be108f1e81f49aeec1ae8d8fe6ddb21bd6bdcede8d9,13,128097,2000000000,256194000000000,41.266671000001224,254.6192099999971,295.88588099999834,true
student-registration,N50-C4-R1,,,,,0x2d909ae3bf08a9f7696d18360d18d63261e8ef76eb2d5b996cae6e84a10f94b8,2,69996,2000000000,139992000000000,67.86712299999635,161.89882200000284,229.7659449999992,true
university-registration,N50-C4-R1,,,,,0x2cc952f4a87b049fe255a9b5dd82c8d06bb038c52df9e9a3282d711308241498,3,116117,2000000000,232234000000000,75.50451299999986,203.50426400000288,279.00877700000274,true
approval,N50-C4-R1,,,,,0x7de83148f36aff846a0fb0c70abc256b33e61e34f8a1589b23feebb11972476a,4,29108,2000000000,58216000000000,62.66385099999752,213.50950300000113,276.17335399999865,true
university-registration,N50-C4-R1,,,,,0x90a008e592bf3608986d7f3f742076fe15461e3249dd45556f591e7ea2129990,5,99017,2000000000,198034000000000,76.78945300000487,158.8713609999977,235.66081400000257,true
approval,N50-C4-R1,,,,,0x2a7f7922da02a89e6da668518e1ba7c893617730abccd72175ebb5e8ae177c6e,6,29108,2000000000,58216000000000,65.76457700000174,228.2732509999987,294.03782800000045,true
university-registration,N50-C4-R1,,,,,0xbfa020197992959ac64b4a9268becdfec8ace8f7d163e4315c0a6b2ed3e11684,7,99017,2000000000,198034000000000,104.01165899999614,159.68623600000137,263.6978949999975,true
approval,N50-C4-R1,,,,,0xd09904678371e8f5da7968f4e011a42c2f5cb175442e66a7cb94ec9e5f91d374,8,29108,2000000000,58216000000000,75.63938600000256,162.5858420000004,238.22522800000297,true
university-registration,N50-C4-R1,,,,,0xc0a13757b334f7a5e49bb21be3e8c0b348c40be4f15a10deb0b7e1cae54f16a1,9,99017,2000000000,198034000000000,73.33464200000162,246.45969599999808,319.7943379999997,true
approval,N50-C4-R1,,,,,0x5a02caf239f3618a3bf5e3a7469e3b64f0aaa7aad6badcd67ab3f23c50fcbd5b,10,29108,2000000000,58216000000000,63.512871999999334,202.49065900000278,266.0035310000021,true
load-issuance,N50-C4-R1,50,4,1,0,0xa50f1a1f482628984243ad9c4ecabce09da70d2c68319d3a9823e55c63bd6e84,11,145197,2000000000,290394000000000,41.25970000000234,211.9829019999961,253.24260199999844,true
load-issuance,N50-C4-R1,50,4,1,1,0x181ae2207eb73a8bc4693ac4ed02f689b70d12e3932a5e1b12e931a29b28befb,11,128097,2000000000,256194000000000,41.15546300000278,211.9760279999973,253.1314910000001,true
load-issuance,N50-C4-R1,50,4,1,2,0xb6351fa0b524ce487770642c56da40d10b72429dd4aa8a5591de5e823d65d12c,11,128085,2000000000,256170000000000,41.12639399999898,211.97706499999913,253.1034589999981,true
load-issuance,N50-C4-R1,50,4,1,3,0xca5ff5ee8056ccf6df1ccc48cbaf2436434a261b5ffdeeeb3f71ce7ea71f10d9,11,128085,2000000000,256170000000000,41.101024000003235,211.97731299999577,253.078336999999,true
load-issuance,N50-C4-R1,50,4,1,4,0x88cefab6214e0397d71b7074d4648f0276a1d6e394307b067091d89d195397ec,12,128097,2000000000,256194000000000,38.43617499999527,338.1793140000009,376.61548899999616,true
load-issuance,N50-C4-R1,50,4,1,5,0x7645c22ca2baeb496434264b02bb58c6738a9f9d636efcbb5fce26110c2347d4,12,128085,2000000000,256170000000000,38.36380800000188,338.1704430000027,376.5342510000046,true
load-issuance,N50-C4-R1,50,4,1,6,0xff97756e1b6340864b6e526c5bb328b4571b3c6fa5dc5d522fd73d4d8c7b3e6a,12,128085,2000000000,256170000000000,38.33663299999898,338.1707260000039,376.5073590000029,true
load-issuance,N50-C4-R1,50,4,1,7,0x7026a320a9e2aaa62e632c9f489fedd104ce9b9605e43bb208fbc92c038c63f4,12,128097,2000000000,256194000000000,38.29720399999496,338.17034100000456,376.4675449999995,true
load-issuance,N50-C4-R1,50,4,1,8,0xbcc47556db33605abeeb68700ba7b71c5309f2aa75a4547fcb6913528d1176cb,13,128097,2000000000,256194000000000,68.49515199999587,341.0896700000012,409.5848219999971,true
load-issuance,N50-C4-R1,50,4,1,9,0x56cf551633d2d140126f1650c1034eb628becb05c45f3727d47217074a45590f,13,128097,2000000000,256194000000000,68.43357500000275,341.1286790000013,409.56225400000403,true
load-issuance,N50-C4-R1,50,4,1,10,0xe8919ba8382ff03316e983f4cb164f9a31ad4951dd428989aab49aba77f5e7e2,13,128097,2000000000,256194000000000,68.40478099999746,341.1319270000022,409.53670799999963,true
load-issuance,N50-C4-R1,50,4,1,11,0x4d7eff4559b3a49e1dfa61d19e4a9ab5c60e4dc93e816f2e5fec5e4a95a8e8bc,13,128097,2000000000,256194000000000,68.36849399999483,341.1325680000009,409.5010619999957,true
load-issuance,N50-C4-R1,50,4,1,12,0x8738530523afc6ded253583ab5778016b64c3c00930177837fc7977243ff8b89,14,128097,2000000000,256194000000000,59.619032000002335,294.83413799999835,354.4531700000007,true
load-issuance,N50-C4-R1,50,4,1,13,0xafe778bc363b3cd54615a1d63170f50e83fb79c495f281bc6e818067a0abb94f,14,128085,2000000000,256170000000000,59.54787099999521,294.8194230000008,354.36729399999604,true
load-issuance,N50-C4-R1,50,4,1,14,0x94690a72de80c5a462dba7813bc70503c1280e5ad9ffa9120086ea6257270f2d,14,128085,2000000000,256170000000000,59.523958999998285,294.8129389999958,354.3368979999941,true
load-issuance,N50-C4-R1,50,4,1,15,0x910002c2b4579dbd35673a1dd26d406dd0c260945de180b201ea19af4a48fbc5,14,128097,2000000000,256194000000000,59.96091799999704,294.3354760000002,354.29639399999724,true
load-issuance,N50-C4-R1,50,4,1,16,0x93ba05ecf5fda8bc5d85af8c416e052176dff1a8019704d684d3721d82663f8d,15,128097,2000000000,256194000000000,46.085031000002346,297.39656000000105,343.4815910000034,true
load-issuance,N50-C4-R1,50,4,1,17,0x75b1e09cb1c6c73d3d66c8a5ae124d3c44015ff5f05e72132b6e1a8476db662a,15,128097,2000000000,256194000000000,46.018411999997625,297.39050000000134,343.40891199999896,true
load-issuance,N50-C4-R1,50,4,1,18,0x7248bc0162f2367e008870038dfd9442cfa156cb9bac4cab7707c10e713174a6,15,128097,2000000000,256194000000000,45.985757000002195,297.3915659999984,343.3773230000006,true
load-issuance,N50-C4-R1,50,4,1,19,0x28f9f496175660f4c2ae8e1c77dccee7adbe61d5238b14d5c42a6e416e253fbf,15,128097,2000000000,256194000000000,45.94898500000272,297.39272899999924,343.34171400000196,true
load-issuance,N50-C4-R1,50,4,1,20,0x4d511ec9ab96698bebbff2129a498f2666ed855c2a97188d6c628c877cfd572a,16,128097,2000000000,256194000000000,39.52176899999904,336.9588350000049,376.48060400000395,true
load-issuance,N50-C4-R1,50,4,1,21,0xc704094329a27d22745fa55c3e190e76409d26c2ea7ca0c805e431b4d2e6add0,16,128085,2000000000,256170000000000,39.45153500000015,336.9490369999985,376.40057199999865,true
load-issuance,N50-C4-R1,50,4,1,22,0x763376281039e80f2bcbc519aa8ec82c04f88681364236504a1d51ba9d0d697f,16,128097,2000000000,256194000000000,39.42201699999714,336.9499020000003,376.37191899999743,true
load-issuance,N50-C4-R1,50,4,1,23,0x9bbe809872b48c2f9a5b4cb95c5b9c45b42d14bfef05ccbf172cc40251753668,16,128085,2000000000,256170000000000,39.3925040000031,336.9498590000003,376.3423630000034,true
load-issuance,N50-C4-R1,50,4,1,24,0xa8bd54c884c447ecc210af5ecd56ffba08cfeff90d02bc348d12f1d22d475711,17,128097,2000000000,256194000000000,38.665643999993335,287.64955100000225,326.3151949999956,true
load-issuance,N50-C4-R1,50,4,1,25,0x1657bfc1ee4d1937c93b1aebd232983cf91acc282e6bee4ba5daf24ba3ac42f7,17,128085,2000000000,256170000000000,38.595446999999695,287.643919999995,326.2393669999947,true
load-issuance,N50-C4-R1,50,4,1,26,0xe1ac82f79458d50301dbf28ad6df6b8ab96b38d796c33e3d0618a79be1e75caf,17,128073,2000000000,256146000000000,38.56736400000227,287.64532199999667,326.21268599999894,true
load-issuance,N50-C4-R1,50,4,1,27,0xc1b6b2234b35f8edc180d320c5f90130c9cc4064dcf4d97e3808627b7c10e09b,17,128085,2000000000,256170000000000,38.52899900000193,287.64643100000103,326.17543000000296,true
load-issuance,N50-C4-R1,50,4,1,28,0x53d9ee7f0b7e69a031b5c39cf78e38ca0cdc673f2826b0862bfbc78deebe5bac,18,128097,2000000000,256194000000000,41.790689000001294,288.5394759999981,330.3301649999994,true
load-issuance,N50-C4-R1,50,4,1,29,0x543b99ae723cc9f94da736d5de8fd869b733447505b6518650a875149232a8ed,18,128097,2000000000,256194000000000,41.78394900000421,288.46319499999663,330.24714400000084,true
load-issuance,N50-C4-R1,50,4,1,30,0x3f41eee88edd0e0dbbbe39860bdcc8fea5aa0a84f4ff924b8348b3ba423e2f97,18,128097,2000000000,256194000000000,41.75681500000064,288.46341799999936,330.220233,true
load-issuance,N50-C4-R1,50,4,1,31,0xc87ac1741d9376d5acf770de2608f81f5ec24f2416cbc9010b054061d33b09f5,18,128097,2000000000,256194000000000,41.72010700000101,288.46436299999914,330.18447000000015,true
load-issuance,N50-C4-R1,50,4,1,32,0xae12b14059f87c276762758211f2362191d2f4d252814bde7c34e82991a1c744,19,128097,2000000000,256194000000000,36.711479000005056,325.98667499999283,362.6981539999979,true
load-issuance,N50-C4-R1,50,4,1,33,0x478666cddd21b1c8ace8d914be70340199144c841b2967347c18c86961692828,19,128097,2000000000,256194000000000,36.643966000003275,325.9843850000034,362.62835100000666,true
load-issuance,N50-C4-R1,50,4,1,34,0x2fe5c3b7642b3c8f0d8f7f15a4f9d0f0eefdcbba287270a8050e58c3ea373fd4,19,128097,2000000000,256194000000000,36.61569299999974,325.98568800000066,362.6013810000004,true
load-issuance,N50-C4-R1,50,4,1,35,0x80dc3f753a11feee8d9d6e8033e97f82ca2ff3ebb4887aefdce4e982e312ce56,19,128097,2000000000,256194000000000,36.58185200000298,325.98694799999794,362.5688000000009,true
load-issuance,N50-C4-R1,50,4,1,36,0xbba9bd0d773495fb06c95f90dcf986cd2eb0e938d9797bd60e20937746ddadea,20,128097,2000000000,256194000000000,41.31191799999942,244.4667330000011,285.77865100000054,true
load-issuance,N50-C4-R1,50,4,1,37,0x8869bfed1929dec773054cc55494cc81d967a129c51a164f0393d01987947936,20,128097,2000000000,256194000000000,41.22299699999712,244.46224700000312,285.68524400000024,true
load-issuance,N50-C4-R1,50,4,1,38,0xd22551e4de515b6d59454db41a7a6ba24011cca1a22b27d4af370a3b3e178536,20,128097,2000000000,256194000000000,41.19364200000564,244.46356399999786,285.6572060000035,true
load-issuance,N50-C4-R1,50,4,1,39,0xdda5f57fe76325d7a0f7f9e8d0c721927ebf382206be5c5f5a1c2e17d5c04093,20,128085,2000000000,256170000000000,41.15609899999981,244.46740200000204,285.62350100000185,true
load-issuance,N50-C4-R1,50,4,1,40,0x4d88c894f1641fe6ae39f164536753f7677d84ff5202ac3ffe0763692d1d2390,21,128097,2000000000,256194000000000,40.395880999996734,354.0998319999999,394.4957129999966,true
load-issuance,N50-C4-R1,50,4,1,41,0xd7712af1203f1263ad0d34601119e0d151c12ecbcb24c8bdfca00b22da265f24,21,128085,2000000000,256170000000000,40.29276799999934,354.2663059999977,394.55907399999705,true
load-issuance,N50-C4-R1,50,4,1,42,0x458e9191968d624bcfb3a6bdad67831e2a7f454a7a68667608f1fde182bf0d73,21,128097,2000000000,256194000000000,40.26419600000372,354.27045799999905,394.5346540000028,true
load-issuance,N50-C4-R1,50,4,1,43,0x8ea887a9b13db82e7570cf0994edc2dff800fe252173d0e27817323d239d87a3,21,128097,2000000000,256194000000000,40.22706399999879,354.2705660000065,394.4976300000053,true
load-issuance,N50-C4-R1,50,4,1,44,0x6c5634f4c16456ae678b0b9338b7af417a4c7d235373179a13c9ddbf894e0628,22,128097,2000000000,256194000000000,57.582508999999845,287.5425319999995,345.1250409999993,true
load-issuance,N50-C4-R1,50,4,1,45,0xdc5ec0a2dc6f361816737ffe0895fee651b5c085397dd8b2c8eb118c68d9498d,22,128097,2000000000,256194000000000,57.41287000000011,287.5383729999958,344.9512429999959,true
load-issuance,N50-C4-R1,50,4,1,46,0xefdc3e993c5f9fa6715f5ba9f3020a47bffb888ac70f6742710bfc09384336a1,22,128097,2000000000,256194000000000,57.374478999998246,287.5395219999991,344.91400099999737,true
load-issuance,N50-C4-R1,50,4,1,47,0x3ca655f11e06b8cb2913d04745a7bfd4beab617e13722ae0fe11d62f8ec82cb6,22,128097,2000000000,256194000000000,57.044857000000775,287.5403950000036,344.5852520000044,true
load-issuance,N50-C4-R1,50,4,1,48,0x978c820bf9dfec8b6d48c46de98ab896d30a1eb7ed6a54c5b2f1b3616682f30f,23,128097,2000000000,256194000000000,38.22063299999718,294.13242799999716,332.35306099999434,true
load-issuance,N50-C4-R1,50,4,1,49,0x6dc18c3a2ef772e95db9dc96494e9dde5fcc6373e54969d9f30ebefd1a1317ca,23,128085,2000000000,256170000000000,38.14290999999503,294.1297620000041,332.27267199999915,true
student-registration,N50-C4-R2,,,,,0x020422df6a8d9d5a779ed082250bb0b63d605568c5e57966dd9bb292971f04a2,2,69996,2000000000,139992000000000,77.4854869999981,163.9856329999966,241.4711199999947,true
university-registration,N50-C4-R2,,,,,0x2cc952f4a87b049fe255a9b5dd82c8d06bb038c52df9e9a3282d711308241498,3,116117,2000000000,232234000000000,69.29990800000087,201.05490400000417,270.35481200000504,true
approval,N50-C4-R2,,,,,0x7de83148f36aff846a0fb0c70abc256b33e61e34f8a1589b23feebb11972476a,4,29108,2000000000,58216000000000,59.99981200000184,199.98108000000502,259.98089200000686,true
university-registration,N50-C4-R2,,,,,0x90a008e592bf3608986d7f3f742076fe15461e3249dd45556f591e7ea2129990,5,99017,2000000000,198034000000000,66.54695699999866,198.98655299999518,265.53350999999384,true
approval,N50-C4-R2,,,,,0x2a7f7922da02a89e6da668518e1ba7c893617730abccd72175ebb5e8ae177c6e,6,29108,2000000000,58216000000000,58.93937300000107,200.09520799999882,259.0345809999999,true
university-registration,N50-C4-R2,,,,,0xbfa020197992959ac64b4a9268becdfec8ace8f7d163e4315c0a6b2ed3e11684,7,99017,2000000000,198034000000000,71.6786609999981,203.65094099999988,275.329601999998,true
approval,N50-C4-R2,,,,,0xd09904678371e8f5da7968f4e011a42c2f5cb175442e66a7cb94ec9e5f91d374,8,29108,2000000000,58216000000000,60.253717999999935,205.14881400000013,265.40253200000006,true
university-registration,N50-C4-R2,,,,,0xc0a13757b334f7a5e49bb21be3e8c0b348c40be4f15a10deb0b7e1cae54f16a1,9,99017,2000000000,198034000000000,65.19018599999981,199.96902399999817,265.159209999998,true
approval,N50-C4-R2,,,,,0x5a02caf239f3618a3bf5e3a7469e3b64f0aaa7aad6badcd67ab3f23c50fcbd5b,10,29108,2000000000,58216000000000,57.932393000002776,198.98417399999744,256.9165670000002,true
load-issuance,N50-C4-R2,50,4,2,0,0x99787f6218c8d278151c0dd06fd35d71ce0dbd91789db2088e7a5a5cd6065cad,11,145197,2000000000,290394000000000,49.83167900000262,242.79659900000115,292.6282780000038,true
load-issuance,N50-C4-R2,50,4,2,1,0x4dd2a50db0619d52f63310362db03b686d23cd79b91268f0e2814722e42ae2ba,11,128097,2000000000,256194000000000,49.74035900000308,242.79239299999608,292.53275199999916,true
load-issuance,N50-C4-R2,50,4,2,2,0x1601a9adc3207518fdf616ba3820880609e69033174a87aed7cf84fd3c7e1c56,11,128085,2000000000,256170000000000,49.71284899999591,242.7939630000037,292.5068119999996,true
load-issuance,N50-C4-R2,50,4,2,3,0xdec490de11ea635c3dd6a2226a548dc610eece18227363ed1df84e91ea9d492e,11,128097,2000000000,256194000000000,49.68738900000608,242.79507699999522,292.4824660000013,true
load-issuance,N50-C4-R2,50,4,2,4,0x00f8f3bfd5fdb433d20a1e9fde049b18b41f5b8ec70c5e3a8ea207fb6ebfae3d,12,128097,2000000000,256194000000000,36.91716799999995,331.6163089999973,368.5334769999972,true
load-issuance,N50-C4-R2,50,4,2,5,0xadfb5389800aba3b684bc33f8d72edd17d75a39fd2fdddbaa6735c9d8b20c8e6,12,128085,2000000000,256170000000000,36.78153100000054,331.61735499999486,368.3988859999954,true
load-issuance,N50-C4-R2,50,4,2,6,0xeab2ecdc1430a0bb4547887f600f54cd8ff837d262e7a2d2228f7da120f8af83,12,128097,2000000000,256194000000000,36.751720000000205,331.6186119999984,368.3703319999986,true
load-issuance,N50-C4-R2,50,4,2,7,0x7433a272e45dc59e7b5fda6a57991a530199161a4a19f496c6a2476420fd9e24,12,128085,2000000000,256170000000000,36.709591000006185,331.61903699999675,368.32862800000294,true
load-issuance,N50-C4-R2,50,4,2,8,0xf6fe411f866f42692ccadd9d8cf5c6d8bf52165898fc8fb17d0ce172d3422a71,13,128097,2000000000,256194000000000,37.6762760000056,290.04259399999864,327.71887000000424,true
load-issuance,N50-C4-R2,50,4,2,9,0x191408349889fbbdf5d35cc8b26e1d5590e4119196290c5ec7b50f0139e56349,13,128097,2000000000,256194000000000,37.59593499999755,290.0393810000023,327.6353159999999,true
load-issuance,N50-C4-R2,50,4,2,10,0x29607a1bf8e8d96e8df71e5378fbafb7337c558f6c2f994b16267196d02a622b,13,128097,2000000000,256194000000000,37.56616999999824,290.0642880000014,327.63045799999963,true
load-issuance,N50-C4-R2,50,4,2,11,0x90482beb82b7afd7c181cbb2bcccaa336bcbed2c98c3f65cf509f403db63dc4d,13,128097,2000000000,256194000000000,37.5298860000039,290.0663080000013,327.5961940000052,true
load-issuance,N50-C4-R2,50,4,2,12,0x98925be7b3b9015b1461bf280ee4e879b69d3da27541a209587169498f5a38d5,14,128097,2000000000,256194000000000,44.43247800000245,437.17882700000337,481.6113050000058,true
load-issuance,N50-C4-R2,50,4,2,13,0x03b119b2c91905f668d82bea9dbe94b1684f1d292130d13b21afc0c170bc9708,14,128097,2000000000,256194000000000,44.29310600000463,437.1197389999943,481.4128449999989,true
load-issuance,N50-C4-R2,50,4,2,14,0x01f4f2a326afd70c219cc606bcba38864aa67dadcad2b33b56d6f11e65b5b25c,14,128097,2000000000,256194000000000,44.195434000001114,437.0756959999999,481.271130000001,true
load-issuance,N50-C4-R2,50,4,2,15,0xac12a6caeccd36553b32f5681bc35faff9a1511fd53ce6603263e132bf41fc5a,14,128097,2000000000,256194000000000,44.065160999998625,437.05928599999606,481.1244469999947,true
load-issuance,N50-C4-R2,50,4,2,16,0xc46efc20b55ef43dc33389cc16df9a2b0fe2c32366fc03a028dd437d6218d5f2,15,128097,2000000000,256194000000000,37.56083500000386,245.72583699999814,283.286672000002,true
load-issuance,N50-C4-R2,50,4,2,17,0x63b74eb2cbb302b9213f728f1064bc55c03f6cc53076514e5f0b96c0a9477530,15,128097,2000000000,256194000000000,37.44009699999879,245.7221539999955,283.1622509999943,true
load-issuance,N50-C4-R2,50,4,2,18,0xd902fcd339a816ca7baaf6ecad60af1e9d45660492ec14115aa8421eb45a00cc,15,128085,2000000000,256170000000000,37.40400899999804,245.72364299999754,283.1276519999956,true
load-issuance,N50-C4-R2,50,4,2,19,0xf2d6b64516cbfb23760ad1f00c6c8e065799482acb330030469f01efb82ed987,15,128097,2000000000,256194000000000,37.366386999994575,245.72449300000153,283.0908799999961,true
load-issuance,N50-C4-R2,50,4,2,20,0xcf6de82f7c54158ecc7a4654f51e4530b04b14a0fba245d267ee139e0a644058,16,128097,2000000000,256194000000000,39.277571999999054,387.5946810000023,426.87225300000136,true
load-issuance,N50-C4-R2,50,4,2,21,0x9f118e38cd927a11b391eb28a1326d63e1ae1faea72ccbbf192bf1136918ee38,16,128085,2000000000,256170000000000,39.13573199999519,387.607849,426.7435809999952,true
load-issuance,N50-C4-R2,50,4,2,22,0x37a22f6c3abf104c141ff0fcb663ca9f03e0cfdc8e9d60ccbca62482c3e54659,16,128097,2000000000,256194000000000,39.098210000003746,387.6088200000013,426.70703000000503,true
load-issuance,N50-C4-R2,50,4,2,23,0x7af5f40491b462f2cf0ddfd7d968518173d1e393530084e19ab26e49b7fa2ac2,16,128097,2000000000,256194000000000,39.0557439999975,387.6099600000016,426.6657039999991,true
load-issuance,N50-C4-R2,50,4,2,24,0x9ea10d8191edf44dc0340439b38843071de4d4803ca60d723e01aac28c364233,17,128097,2000000000,256194000000000,41.66465099999914,383.9368919999979,425.60154299999704,true
load-issuance,N50-C4-R2,50,4,2,25,0xc2c53a237c6513545a0573d909d3ce772ef7e25d7ae99e51e6f7edd5d74aa358,17,128097,2000000000,256194000000000,41.51450699999987,383.92478299999493,425.4392899999948,true
load-issuance,N50-C4-R2,50,4,2,26,0x32d882294db3f6a34471a4b734b9f724dc28b71af35fa9c205569cc6c3473c52,17,128097,2000000000,256194000000000,41.39384699999937,383.9097699999984,425.30361699999776,true
load-issuance,N50-C4-R2,50,4,2,27,0xf00643fd4030807e2bbc3099315022455a542eedc30e09172d92be136c680dfd,17,128085,2000000000,256170000000000,41.31998100000055,383.82113099999697,425.1411119999975,true
load-issuance,N50-C4-R2,50,4,2,28,0xd0b91a06db021a00e854541adbf28a6e9dddc640a3f907bed7351eca0d292e08,18,128097,2000000000,256194000000000,38.73060799999803,290.99910799999634,329.72971599999437,true
load-issuance,N50-C4-R2,50,4,2,29,0x64a748e56ee38180a44727af665a7d2f40dbfa2756e80dc6c2e9c3bb6e68ffbb,18,128097,2000000000,256194000000000,38.65697999999975,290.99272799999744,329.6497079999972,true
load-issuance,N50-C4-R2,50,4,2,30,0xca05bef861df84e17b807b3ab0f7c03da5a8b3741fee7ab45dfc409bb33555d4,18,128097,2000000000,256194000000000,38.562659000002895,290.99443099999917,329.55709000000206,true
load-issuance,N50-C4-R2,50,4,2,31,0xd0c34b257dd48e60687c852dfd03be3afeadc4140f318234bb5750e82e2850ed,18,128097,2000000000,256194000000000,38.52637600000162,290.9955039999986,329.52188000000024,true
load-issuance,N50-C4-R2,50,4,2,32,0xfcf94dcf0b9a922adfd63af3b2330d18aec82ef74e72b78a8e58168f178e0d63,19,128097,2000000000,256194000000000,45.85575100000278,337.09593499999755,382.95168600000034,true
load-issuance,N50-C4-R2,50,4,2,33,0x20c645265bfdaadc687d0b90494c1e97dee81d02f1804448af605f19ef713089,19,128097,2000000000,256194000000000,46.32227899999998,336.5554510000002,382.87773000000016,true
load-issuance,N50-C4-R2,50,4,2,34,0x34732dd2b2c68b76afbb07939bfa1b8af9923b4ad8837829b248556d422137c9,19,128097,2000000000,256194000000000,46.29725999999937,336.5502550000019,382.8475150000013,true
load-issuance,N50-C4-R2,50,4,2,35,0x4039282e508605cd8f86a5f0136c69587ee8c35c58b978ef26cb34abedae3e98,19,128097,2000000000,256194000000000,46.26086800000485,336.5482609999963,382.8091290000011,true
load-issuance,N50-C4-R2,50,4,2,36,0x96979dea1b1d14863b02af517284f7031b58bbcca96bc76a0def4041405bbcb8,20,128097,2000000000,256194000000000,40.734700000000885,341.07904099999723,381.8137409999981,true
load-issuance,N50-C4-R2,50,4,2,37,0x0be8dcb06ca1243b68745915f72d493d9d079d460d86619af5f1bb75b4fda526,20,128097,2000000000,256194000000000,40.67923000000155,341.0866230000029,381.7658530000044,true
load-issuance,N50-C4-R2,50,4,2,38,0xbf0d30fdc1278891c402726ad39e994da3989b30e548df3616d7c8b13f0a3770,20,128097,2000000000,256194000000000,40.65001199999824,341.0889790000001,381.73899099999835,true
load-issuance,N50-C4-R2,50,4,2,39,0x9fb631af15e048597c566a0b968a1e1459059c49de945913f27d755a21a02feb,20,128097,2000000000,256194000000000,40.61131199999363,341.0893140000044,381.700625999998,true
load-issuance,N50-C4-R2,50,4,2,40,0x69c2300feee37bcafcbf951391483db691cfeba9397296e7dcee966a62d6c6ea,21,128097,2000000000,256194000000000,40.872001000003365,338.6973599999983,379.56936100000166,true
load-issuance,N50-C4-R2,50,4,2,41,0x1efdcd4f53dd9f69a93cff673de769ce5640a20652fdfa9671b531a99782e06e,21,128097,2000000000,256194000000000,40.80550599999697,338.68557000000146,379.49107599999843,true
load-issuance,N50-C4-R2,50,4,2,42,0x8fb5d75b94a563767820a4802a72e747194509ca047933db9eef640a1b9b746b,21,128097,2000000000,256194000000000,40.77664700000605,338.6860919999963,379.46273900000233,true
load-issuance,N50-C4-R2,50,4,2,43,0x0009be51b5fde8a11faef71d04ac7f1295b02c43bc764f2f011269a89626a4f3,21,128097,2000000000,256194000000000,40.741816999994626,338.6864140000034,379.42823099999805,true
load-issuance,N50-C4-R2,50,4,2,44,0xdd8c964d7606441ffbc713a1a0f667700e812a66cbc88a231ac688216a616e7c,22,128085,2000000000,256170000000000,38.67117400000279,287.9282380000004,326.5994120000032,true
load-issuance,N50-C4-R2,50,4,2,45,0xa70af4500e269338be0a38ea28c5daab8603993094d442ee3e1a4b01eb2cb25f,22,128097,2000000000,256194000000000,38.60868599999958,287.91087400000106,326.51956000000064,true
load-issuance,N50-C4-R2,50,4,2,46,0xdb7b67d73a06bf9726580c0252f0616f2b20018304bb232a177009644203f1e7,22,128073,2000000000,256146000000000,38.57685800000036,287.90965999999753,326.4865179999979,true
load-issuance,N50-C4-R2,50,4,2,47,0xf99c306ac8c7828fbc81576b1111bd8d18ec927c37e189fd8c9630a06706079d,22,128097,2000000000,256194000000000,38.53893599999719,287.908958,326.4478939999972,true
load-issuance,N50-C4-R2,50,4,2,48,0x9ffd3f94aa63de15085b056e93392e1706d34a9dbd81af0d0f0d5aca2760a51c,23,128085,2000000000,256170000000000,36.79774500000349,247.02375299999403,283.8214979999975,true
load-issuance,N50-C4-R2,50,4,2,49,0x0731bbc6ea551abdf08ff5d0a3d52ac388a435e5ff338e71d095b482b6d10808,23,128097,2000000000,256194000000000,36.73302400000102,247.02034199999616,283.7533659999972,true
student-registration,N50-C4-R3,,,,,0x26c3249d4b678e2ba57c5e61f8dafe3000b65d7211e7bf30f32ca3b041e271de,2,69996,2000000000,139992000000000,77.76136499999848,160.67855599999893,238.4399209999974,true
university-registration,N50-C4-R3,,,,,0x2cc952f4a87b049fe255a9b5dd82c8d06bb038c52df9e9a3282d711308241498,3,116117,2000000000,232234000000000,69.53431600000476,211.0754919999963,280.60980800000107,true
approval,N50-C4-R3,,,,,0x7de83148f36aff846a0fb0c70abc256b33e61e34f8a1589b23feebb11972476a,4,29108,2000000000,58216000000000,58.53657399999793,202.66311599999608,261.199689999994,true
university-registration,N50-C4-R3,,,,,0x90a008e592bf3608986d7f3f742076fe15461e3249dd45556f591e7ea2129990,5,99017,2000000000,198034000000000,66.48966400000063,219.46333700000105,285.9530010000017,true
approval,N50-C4-R3,,,,,0x2a7f7922da02a89e6da668518e1ba7c893617730abccd72175ebb5e8ae177c6e,6,29108,2000000000,58216000000000,78.13212299999577,199.7914310000051,277.9235540000009,true
university-registration,N50-C4-R3,,,,,0xbfa020197992959ac64b4a9268becdfec8ace8f7d163e4315c0a6b2ed3e11684,7,99017,2000000000,198034000000000,77.86644299999898,163.5239419999998,241.3903849999988,true
approval,N50-C4-R3,,,,,0xd09904678371e8f5da7968f4e011a42c2f5cb175442e66a7cb94ec9e5f91d374,8,29108,2000000000,58216000000000,70.01171299999987,205.72940499999822,275.7411179999981,true
university-registration,N50-C4-R3,,,,,0xc0a13757b334f7a5e49bb21be3e8c0b348c40be4f15a10deb0b7e1cae54f16a1,9,99017,2000000000,198034000000000,69.25895200000377,207.7310329999964,276.98998500000016,true
approval,N50-C4-R3,,,,,0x5a02caf239f3618a3bf5e3a7469e3b64f0aaa7aad6badcd67ab3f23c50fcbd5b,10,29108,2000000000,58216000000000,77.01328300000023,164.0213139999978,241.03459699999803,true
load-issuance,N50-C4-R3,50,4,3,0,0xfa13709c4cb72ea713db81370130eef2a06e3fe2a7a60f5009bb22750811a1e1,11,145197,2000000000,290394000000000,39.75794300000416,243.7111109999969,283.46905400000105,true
load-issuance,N50-C4-R3,50,4,3,1,0xde48a20d556d468d25d9883399d719e0b753beb7d1778efbd1a09a81de85fb68,11,128097,2000000000,256194000000000,39.66709699999774,243.69918999999936,283.3662869999971,true
load-issuance,N50-C4-R3,50,4,3,2,0x8176a76e205b6a7ca90bc7c125e23d874ef4af198ea130e071fccfc63d33a5f3,11,128085,2000000000,256170000000000,39.64176399999997,243.69588999999542,283.3376539999954,true
load-issuance,N50-C4-R3,50,4,3,3,0xea0f912d214412533b7f16e9a61e64d876a2b1b9c0c4203518c337d222464f0e,11,128097,2000000000,256194000000000,39.61290100000042,243.69611900000018,283.3090200000006,true
load-issuance,N50-C4-R3,50,4,3,4,0x326c88c8c8ba75a557979d039206ca916a2955a411f59876b1be9cb1a39ae13f,12,128097,2000000000,256194000000000,42.44391899999755,289.68264900000213,332.1265679999997,true
load-issuance,N50-C4-R3,50,4,3,5,0xf6b64d588d2ca6d1d7ad0391e6fa1f2a621dcf50368cab71abc08765daa26ef3,12,128097,2000000000,256194000000000,42.380801999999676,289.6772790000032,332.05808100000286,true
load-issuance,N50-C4-R3,50,4,3,6,0xe67de50c405c7a88fa54c4b74aebf79cc99256c08ad8d3d631a1b506c69ea3f5,12,128097,2000000000,256194000000000,42.35378199999832,289.6780570000046,332.03183900000295,true
load-issuance,N50-C4-R3,50,4,3,7,0xc34b224069e85284d9d091c287e2c4d159b9a9eec3f381ca3eb39ef6c6e3efa0,12,128097,2000000000,256194000000000,42.319187000000966,289.67985500000214,331.9990420000031,true
load-issuance,N50-C4-R3,50,4,3,8,0x198764f04448d6815c449eb01f0a8ade99cc22be0a8a5dfb8630f6e6ef3da0ea,13,128097,2000000000,256194000000000,37.36346500000218,287.3488950000028,324.712360000005,true
load-issuance,N50-C4-R3,50,4,3,9,0x98a9cfaf238f18cd815561548367a67ad266f9761be3f079e15abf3197722c12,13,128085,2000000000,256170000000000,37.29818199999863,287.3448820000049,324.6430640000035,true
load-issuance,N50-C4-R3,50,4,3,10,0x148d9a0ada7557c61561fcebf9a1a5e3844d2ec53d11cb2af9a4190214b449b7,13,128097,2000000000,256194000000000,37.26739599999564,287.3471170000048,324.61451300000044,true
load-issuance,N50-C4-R3,50,4,3,11,0xd1ad8adc61671c9e41983894a13910de123fadb0b7fb6715b8462c3b49925d35,13,128097,2000000000,256194000000000,37.23197000000073,287.34869099999923,324.58066099999996,true
load-issuance,N50-C4-R3,50,4,3,12,0xcb0becaa16a12268cbeb150224ddd549f243a76d8b4aecfa5674e058f7fab949,14,128097,2000000000,256194000000000,41.67728299999726,293.642101999998,335.31938499999524,true
load-issuance,N50-C4-R3,50,4,3,13,0xe7efc1347ccc4aaa70ea589eee871ac67e0a197530f8005a327b201a7b72fc12,14,128097,2000000000,256194000000000,41.572346000000834,293.6318289999981,335.20417499999894,true
load-issuance,N50-C4-R3,50,4,3,14,0x6af158ea3f867622219b1fcad2e750cacd2ef43713f17d232a087885f6b48023,14,128097,2000000000,256194000000000,41.54288000000088,293.6326330000011,335.17551300000196,true
load-issuance,N50-C4-R3,50,4,3,15,0xba341c002b2dcb569aa2090da7136e5680cf5d2966e08900507a16b8940b03a3,14,128097,2000000000,256194000000000,41.505126000003656,293.6333489999961,335.13847499999974,true
load-issuance,N50-C4-R3,50,4,3,16,0x896b8127fb972b9424c7e92801ad18431e5f833bac3ea61279f91412cbe45616,15,128097,2000000000,256194000000000,45.76065499999822,292.147785000001,337.90843999999925,true
load-issuance,N50-C4-R3,50,4,3,17,0x0dff35bf964e28a5d01d96d35255b9f570aacd748cb3705c4191f6d11fc06bda,15,128097,2000000000,256194000000000,45.690466000000015,292.139390999997,337.829856999997,true
load-issuance,N50-C4-R3,50,4,3,18,0x6ef2f1b751b0c170218f265ce4c528e3337f7f9bc0cb1732cd0f215bd27ab12e,15,128097,2000000000,256194000000000,45.66157099999691,292.141088999997,337.8026599999939,true
load-issuance,N50-C4-R3,50,4,3,19,0x23398568c462cd7f5f682b9721c4ecac89fe41956b4efc273dfa74e7811cea14,15,128097,2000000000,256194000000000,45.62476500000048,292.1410739999992,337.7658389999997,true
load-issuance,N50-C4-R3,50,4,3,20,0x862ec2ebdf0e9accbe18d77199a10b1f13d7b6b195ad51d1321210a2403badf5,16,128097,2000000000,256194000000000,37.7592930000028,291.2064820000014,328.9657750000042,true
load-issuance,N50-C4-R3,50,4,3,21,0x11e46c5905fe25a3997b33d8c0800d4fb9b5bf79ae30b7b44a501f92d9e0fbc4,16,128097,2000000000,256194000000000,37.686728000000585,291.2018470000039,328.8885750000045,true
load-issuance,N50-C4-R3,50,4,3,22,0x88fbb48747c2a363e287c1b26dcb7877c97fa991c845c7b6b42fc9addbf04089,16,128097,2000000000,256194000000000,37.65401500000007,291.2031810000044,328.8571960000045,true
load-issuance,N50-C4-R3,50,4,3,23,0x29b36c532b39ad2bb586eec80aa465609df34caab16f1652610c29869237c1da,16,128097,2000000000,256194000000000,37.61636899999576,291.20360600000276,328.8199749999985,true
load-issuance,N50-C4-R3,50,4,3,24,0x960a2d9dc3e5234e76b3e24bca83a8decc1ca8d80235ea6540ab548ec7018703,17,128097,2000000000,256194000000000,39.26453700000275,285.37463800000114,324.6391750000039,true
load-issuance,N50-C4-R3,50,4,3,25,0x4fcae3c15612ea69817c3a2227abb27593421c09ba7d08f7f21555aacab1d367,17,128097,2000000000,256194000000000,39.154733000003034,285.3638910000009,324.5186240000039,true
load-issuance,N50-C4-R3,50,4,3,26,0x9cff1eb235827c98c4b093cd14ba317310f5bdb15d9ec58a4324e16945f3cc72,17,128097,2000000000,256194000000000,39.07982600000105,285.3650869999983,324.44491299999936,true
load-issuance,N50-C4-R3,50,4,3,27,0xd056aa399bf850082dcff1aa7eebb80d9549f1216b9aa787735ba59423c751bc,17,128097,2000000000,256194000000000,38.99790899999789,285.3650370000032,324.3629460000011,true
load-issuance,N50-C4-R3,50,4,3,28,0xae62bf35fc62d7017c291207afacd86874bade7bebf4da7100c083469563ed4d,18,128097,2000000000,256194000000000,37.080457999996725,330.29818199999863,367.37863999999536,true
load-issuance,N50-C4-R3,50,4,3,29,0x0aefa56e389c23f81a9e0d35e4795c6a976752f772970fd6e876761b51122dba,18,128097,2000000000,256194000000000,37.012948000003234,330.29323499999737,367.3061830000006,true
load-issuance,N50-C4-R3,50,4,3,30,0x9693a3d31d0349cb2f0b3c4f11145594c320f2da1f0ee12eb43a6796812a1151,18,128097,2000000000,256194000000000,36.98450700000103,330.2945800000016,367.2790870000026,true
load-issuance,N50-C4-R3,50,4,3,31,0xb8aeaf0950f81aa810951b35c227f4f93aec2c09c8976c4a923385a1e638b82f,18,128085,2000000000,256170000000000,36.94947800000227,330.29532800000015,367.2448060000024,true
load-issuance,N50-C4-R3,50,4,3,32,0xf7c9a78078088d535ef48e51f94e0bae5acdc040d95a83aee63bc9815a602442,19,128097,2000000000,256194000000000,44.53907099999924,346.90889400000015,391.4479649999994,true
load-issuance,N50-C4-R3,50,4,3,33,0x54d108b739b2fe434f63412518eeabc9d2bbea20f10d34387bf0148d226bd4e9,19,128097,2000000000,256194000000000,44.46614799999952,346.9029109999974,391.3690589999969,true
load-issuance,N50-C4-R3,50,4,3,34,0xa69c384f55635c288283f789b9acd5ab3f6dc8fe78124e100a53bad823cb6327,19,128097,2000000000,256194000000000,44.30206499999622,346.90372700000444,391.20579200000066,true
load-issuance,N50-C4-R3,50,4,3,35,0x05e219f8e59772400eb1fac51e5a44d0c0605eb0b4a7a0bc29e565042b149910,19,128085,2000000000,256170000000000,44.25633099999686,346.9039750000011,391.16030599999795,true
load-issuance,N50-C4-R3,50,4,3,36,0xb4e60fba3a0e979e062477894f93bd1d68bf9e9f5916f134d0dd963b5b4ba3be,20,128097,2000000000,256194000000000,41.35424100000091,247.9944319999995,289.3486730000004,true
load-issuance,N50-C4-R3,50,4,3,37,0x26c7b783fe86fce29ce8b94c42024e1e29a7e1732e1af1999a5832eb35700afc,20,128073,2000000000,256146000000000,41.28024800000276,247.98863799999526,289.268885999998,true
load-issuance,N50-C4-R3,50,4,3,38,0x959f1457a56ed78e93488e0317fc072c381130bd8eff877db3ae52b16d04e8ec,20,128097,2000000000,256194000000000,41.246704000004684,247.99064499999804,289.2373490000027,true
load-issuance,N50-C4-R3,50,4,3,39,0xc26d65e964d544362d286e04f50a33ad4a4b88686b1adce6d8e4424b8daa31a6,20,128097,2000000000,256194000000000,41.21671300000162,247.99167699999816,289.2083899999998,true
load-issuance,N50-C4-R3,50,4,3,40,0x53f0886dc53fe1096c321829f5343404fb9c49a23673f8f4257282034fa5805b,21,128085,2000000000,256170000000000,38.53924900000129,380.332656999999,418.8719060000003,true
load-issuance,N50-C4-R3,50,4,3,41,0xb69173f24d61498705398bc144f4d1bae8ab9eca75175e52cff264a3479217d7,21,128097,2000000000,256194000000000,38.45966100000078,380.3561019999979,418.8157629999987,true
load-issuance,N50-C4-R3,50,4,3,42,0xaab378068b3c519fb3c4ab6e4a6bc112348a88e4daae0f3513721093c78a3bcc,21,128097,2000000000,256194000000000,38.42526699999871,380.3703949999981,418.7956619999968,true
load-issuance,N50-C4-R3,50,4,3,43,0xcc160a3a5133ea960fd8151c0333000e2e296ab9bd2b38d1b11f059f242371ed,21,128097,2000000000,256194000000000,38.3847139999998,380.37113300000055,418.75584700000036,true
load-issuance,N50-C4-R3,50,4,3,44,0x40a815b06b2de5128052c8c1908aa1ce49cd571353db6a95249df3a3f1daee26,22,128097,2000000000,256194000000000,39.24911300000531,285.198550000001,324.4476630000063,true
load-issuance,N50-C4-R3,50,4,3,45,0x0e186b9d024779b367b360aadda41d1d65da606a52de2f3f5b990051fa1d404a,22,128097,2000000000,256194000000000,39.16556100000162,285.19244899999467,324.3580099999963,true
load-issuance,N50-C4-R3,50,4,3,46,0xd3440dcca79b0b9d8a291fcce96c524cffdc21738a6c5b4e369e70dd4b73fb55,22,128097,2000000000,256194000000000,39.069798000004084,285.1941489999954,324.26394699999946,true
load-issuance,N50-C4-R3,50,4,3,47,0x0424ec754e8461c84ea580fd9f9de8eccfae5ee40855f3f54b0937999e4dffcf,22,128097,2000000000,256194000000000,38.92773699999816,285.1950300000026,324.12276700000075,true
load-issuance,N50-C4-R3,50,4,3,48,0x9a64112e6e1ee23c8853aee52f1af45a0d00fd5ef4e69229842c0739bcac5e34,23,128097,2000000000,256194000000000,41.170098000002326,249.8290599999964,290.9991579999987,true
load-issuance,N50-C4-R3,50,4,3,49,0x4b54b02a0e72daa5b0e26a291664b8e618e1d61fb02df97fec70e399e58fa3d0,23,128097,2000000000,256194000000000,41.123735000001034,249.79686099999526,290.9205959999963,true
student-registration,N100-C4-R1,,,,,0x3c32f32124e3041f8271df458630467379ba4a7ddc63325aa94db47716d57c22,2,69996,2000000000,139992000000000,57.13337500000489,199.94226799999888,257.07564300000377,true
university-registration,N100-C4-R1,,,,,0x2cc952f4a87b049fe255a9b5dd82c8d06bb038c52df9e9a3282d711308241498,3,116117,2000000000,232234000000000,109.41729599999962,116.87268900000345,226.28998500000307,true
approval,N100-C4-R1,,,,,0x7de83148f36aff846a0fb0c70abc256b33e61e34f8a1589b23feebb11972476a,4,29108,2000000000,58216000000000,62.85214700000506,203.6922510000004,266.54439800000546,true
university-registration,N100-C4-R1,,,,,0x90a008e592bf3608986d7f3f742076fe15461e3249dd45556f591e7ea2129990,5,99017,2000000000,198034000000000,65.8127800000002,212.41589899999963,278.22867899999983,true
approval,N100-C4-R1,,,,,0x2a7f7922da02a89e6da668518e1ba7c893617730abccd72175ebb5e8ae177c6e,6,29108,2000000000,58216000000000,62.917460999997274,200.80737400000362,263.7248350000009,true
university-registration,N100-C4-R1,,,,,0xbfa020197992959ac64b4a9268becdfec8ace8f7d163e4315c0a6b2ed3e11684,7,99017,2000000000,198034000000000,77.021216000001,201.9991880000016,279.0204040000026,true
approval,N100-C4-R1,,,,,0xd09904678371e8f5da7968f4e011a42c2f5cb175442e66a7cb94ec9e5f91d374,8,29108,2000000000,58216000000000,64.159004000001,159.22997599999508,223.38897999999608,true
university-registration,N100-C4-R1,,,,,0xc0a13757b334f7a5e49bb21be3e8c0b348c40be4f15a10deb0b7e1cae54f16a1,9,99017,2000000000,198034000000000,81.67081600000529,208.0684889999975,289.7393050000028,true
approval,N100-C4-R1,,,,,0x5a02caf239f3618a3bf5e3a7469e3b64f0aaa7aad6badcd67ab3f23c50fcbd5b,10,29108,2000000000,58216000000000,65.71125400000165,158.74807800000417,224.45933200000582,true
load-issuance,N100-C4-R1,100,4,1,0,0x81dc5f509c69fca7427ba696ccce671193cf52d94ab1b5c586b80915359e9942,11,145197,2000000000,290394000000000,41.13773299999593,247.72495300000446,288.8626860000004,true
load-issuance,N100-C4-R1,100,4,1,1,0xb0c26161521bd91c6ef414f4eca2f694fdabcdbdb7318e5c2e7afc62f557754a,11,128097,2000000000,256194000000000,41.03028800000175,247.71712300000218,288.7474110000039,true
load-issuance,N100-C4-R1,100,4,1,2,0xb004bb3dbb26759cf79912eb7da7677d51c3f54a3d4a684192fce7ecf4d95672,11,128097,2000000000,256194000000000,40.982952999998815,247.71717799999897,288.7001309999978,true
load-issuance,N100-C4-R1,100,4,1,3,0x92f445a0e115515cf113461a322ebf965d786f4aad1101509d651163273df395,11,128097,2000000000,256194000000000,40.95885899999848,247.7167699999991,288.67562899999757,true
load-issuance,N100-C4-R1,100,4,1,4,0x757d808759dd7531142d759568afc3639a4ccdb781a38084ef7acd4141c45b30,12,128073,2000000000,256146000000000,36.68148099999962,301.6655549999996,338.3470359999992,true
load-issuance,N100-C4-R1,100,4,1,5,0x9cff2b18717f072efd87e13f1f65d755f4c6341b79a23d4a00b756db949e0dfa,12,128097,2000000000,256194000000000,36.60891399999673,301.6583410000021,338.26725499999884,true
load-issuance,N100-C4-R1,100,4,1,6,0x588915cc25bd407f20e4d0987436fd2551c48697b3378e994d02c23b0206e7f1,12,128097,2000000000,256194000000000,36.508652000004076,301.65916399999696,338.16781600000104,true
load-issuance,N100-C4-R1,100,4,1,7,0x68ba95e4e7d4f3a57b0b1fe8055afbf17ac69badff607ac96e432b79d9a67aa1,12,128097,2000000000,256194000000000,36.465379999994184,301.66029400000116,338.12567399999534,true
load-issuance,N100-C4-R1,100,4,1,8,0x08876ee28e534e28ecccbbbae28da0255912098d664b5c6bb79656f2791ca8f9,13,128097,2000000000,256194000000000,41.814629999993485,298.3430440000011,340.1576739999946,true
load-issuance,N100-C4-R1,100,4,1,9,0x918dc3b908d33922bf245366a32542adb91aafadaec4dc1670092bc3760d536d,13,128097,2000000000,256194000000000,41.76998199999798,298.30933599999844,340.0793179999964,true
load-issuance,N100-C4-R1,100,4,1,10,0xa5257e0697f907ee40288c42c408d4d45475eca83d5310198b8f41e7fb0dff92,13,128097,2000000000,256194000000000,41.745019000001776,298.3074770000021,340.0524960000039,true
load-issuance,N100-C4-R1,100,4,1,11,0xa8082b1b60c1802d03390d828d89fb012448bd2a4908ebc89562abc19227ca40,13,128097,2000000000,256194000000000,41.676376000003074,298.30851899999834,339.9848950000014,true
load-issuance,N100-C4-R1,100,4,1,12,0xe8d4e917e226c6b688a24203a4a73d6823ed55f0d4a62ba0937d056185890b77,14,128097,2000000000,256194000000000,38.23423399999592,327.97130599999946,366.2055399999954,true
load-issuance,N100-C4-R1,100,4,1,13,0x235d14b8e47d2370bcb8f71bba12b7918a8bc5a76ca5c830d42d03c1ab63c78a,14,128085,2000000000,256170000000000,38.170287000000826,327.96424200000183,366.13452900000266,true
load-issuance,N100-C4-R1,100,4,1,14,0x4395974745a9d432e1a76c0d3728636586e54cda776ac6555c30880bd5d562ca,14,128097,2000000000,256194000000000,38.14122000000498,327.9656219999961,366.10684200000105,true
load-issuance,N100-C4-R1,100,4,1,15,0x769221db34a245e2059135c01367766b5186e316199d0923fea98e480d6eaa4e,14,128097,2000000000,256194000000000,38.10230500000034,327.9666059999945,366.06891099999484,true
load-issuance,N100-C4-R1,100,4,1,16,0x9b3f5010a9afb16b2209b526b7595b493b139cce2dfa6188eabbf437a1b2d5de,15,128097,2000000000,256194000000000,39.63549700000294,359.32005899999785,398.9555560000008,true
load-issuance,N100-C4-R1,100,4,1,17,0x3750392d257c35f61f26306a0674ccb462f4f421c138bafc3c03c65b13ea8415,15,128097,2000000000,256194000000000,39.59564600000158,359.287467999995,398.88311399999657,true
load-issuance,N100-C4-R1,100,4,1,18,0x59bd8709c904e4d65dc86464dd9a8d0003b50164dbb1efc3efbf035204dd3dbf,15,128097,2000000000,256194000000000,39.568780000001425,359.287857000003,398.8566370000044,true
load-issuance,N100-C4-R1,100,4,1,19,0x5ef32ebb119d820d135b9eef288d5bc9647e3c22dde8735cddf9c0971fd15357,15,128097,2000000000,256194000000000,39.523519000002125,359.28917999999976,398.8126990000019,true
load-issuance,N100-C4-R1,100,4,1,20,0x77ac8368fd3148339d68a098bafe9345a0c99ddefc37b2a43fd5e3b151efe60b,16,128085,2000000000,256170000000000,47.011927000006835,258.2527229999978,305.2646500000046,true
load-issuance,N100-C4-R1,100,4,1,21,0xd7f040134f8a02c91574560897780be6214951c031905343d5f15c77d4fc6b1d,16,128097,2000000000,256194000000000,46.93574400000216,258.24927800000296,305.1850220000051,true
load-issuance,N100-C4-R1,100,4,1,22,0xb9290f28ec628f8973349da6e1eab64673ad33acc8fa64e64d91d4e9613a8e41,16,128085,2000000000,256170000000000,46.90560900000128,258.25058600000193,305.1561950000032,true
load-issuance,N100-C4-R1,100,4,1,23,0x5158c921f2c33819bc4fa933a0cbedd8f5747811bac1dcca0da2c70e0300b623,16,128097,2000000000,256194000000000,46.839022000000114,258.25143099999696,305.09045299999707,true
load-issuance,N100-C4-R1,100,4,1,24,0xd61d83990e2686623a2a89e3504b17c56632523b891e471f3f4bb06256853b2c,17,128097,2000000000,256194000000000,45.82870600000024,341.81559600000037,387.6443020000006,true
load-issuance,N100-C4-R1,100,4,1,25,0x9842e35f206b6fdf35531101cc37bafca171fbef2ed735ce25b27fcf6d51f867,17,128097,2000000000,256194000000000,45.74505499999941,341.81033000000025,387.55538499999966,true
load-issuance,N100-C4-R1,100,4,1,26,0x54114d545738f34dc51d9bb23099c8ad9aa85943e4fa4eb824866f60c411d4c0,17,128097,2000000000,256194000000000,45.71546500000113,341.8115459999972,387.5270109999983,true
load-issuance,N100-C4-R1,100,4,1,27,0xbe714ae7235ece78fcfde9bcc443bb5614d71ba78cb29ccd4c53101958d8891d,17,128085,2000000000,256170000000000,45.67070599999715,341.8127319999985,387.48343799999566,true
load-issuance,N100-C4-R1,100,4,1,28,0x3cfcfaf9787fb0999cac45d8c85ec2f0cf29fd414792f532d5e2f9373c5d1c1a,18,128085,2000000000,256170000000000,46.589654000003065,314.79200099999434,361.3816549999974,true
load-issuance,N100-C4-R1,100,4,1,29,0x1e5ded954b7deac4f446d031e66bdfec8a81e8cc5ae11a5b4dd68993d716419a,18,128085,2000000000,256170000000000,46.516616000000795,314.7917230000021,361.3083390000029,true
load-issuance,N100-C4-R1,100,4,1,30,0xa430db2be27d1e3aed8e57b09566fd58df0a2a6b688b15d3fb20c66975d60d0f,18,128097,2000000000,256194000000000,46.5005949999977,314.7724690000032,361.2730640000009,true
load-issuance,N100-C4-R1,100,4,1,31,0x4ed8cee7db8e8366feaa77fb07f3ad25b3f088d053572d32dfa228f9baef51a7,18,128097,2000000000,256194000000000,46.46070599999803,314.77258900000015,361.2332949999982,true
load-issuance,N100-C4-R1,100,4,1,32,0x30764d31d1cb8ee99fc5b2bfb42a8ed6cb2871ab25d284b9412a9e860411e94e,19,128097,2000000000,256194000000000,47.32838500000071,294.71287900000607,342.0412640000068,true
load-issuance,N100-C4-R1,100,4,1,33,0xe0d091b22545d613ed643c68633e888acaec76735f3f716ab825467dc64a7210,19,128097,2000000000,256194000000000,47.24709399999847,294.7150830000028,341.96217700000125,true
load-issuance,N100-C4-R1,100,4,1,34,0x6bc83b50ad3c08e96504fc1520f0ca29cdf5810478a7da099f6386698f3cfdb3,19,128097,2000000000,256194000000000,47.216778000001796,294.71687999999995,341.93365800000174,true
load-issuance,N100-C4-R1,100,4,1,35,0xc9d6330e9194ca5923408e3eca3c5b50296c657baecde527333253eb2c9f86b0,19,128085,2000000000,256170000000000,47.177364000002854,294.71804300000076,341.8954070000036,true
load-issuance,N100-C4-R1,100,4,1,36,0x6b5ce1c44367af4740af96479efb935c009cda73d4553f4d8122fa7b6528096c,20,128097,2000000000,256194000000000,39.0636250000025,298.21245400000043,337.27607900000294,true
load-issuance,N100-C4-R1,100,4,1,37,0x8de4bdab31f207375301f49ab936fa3dc72762131a18d762b7ed9d28cf29951d,20,128097,2000000000,256194000000000,38.80724199999531,298.2101479999983,337.0173899999936,true
load-issuance,N100-C4-R1,100,4,1,38,0xb76d00bc79a299c0664d1b2188252379ebda8bdb564838c94f5094038d5787e2,20,128097,2000000000,256194000000000,38.764359000000695,298.21152400000574,336.97588300000643,true
load-issuance,N100-C4-R1,100,4,1,39,0x53cf32a35a2d5b5e12e953304fc863e315587e9d14d32c8ffdc7f222e8bb1217,20,128097,2000000000,256194000000000,38.72131900000386,298.21258600000147,336.9339050000053,true
load-issuance,N100-C4-R1,100,4,1,40,0xa93f8189ce778e446d5d108884e3e257c106d5effbd6f4651b5a08d08ff72485,21,128097,2000000000,256194000000000,37.38797200000408,304.0706799999971,341.45865200000117,true
load-issuance,N100-C4-R1,100,4,1,41,0x6cbc96ced18b6fab22d75a39a3c029a2919c3abb0dddc4e3eb3d38e4fe1db2d4,21,128085,2000000000,256170000000000,37.313551000006555,304.06492699999944,341.378478000006,true
load-issuance,N100-C4-R1,100,4,1,42,0x44a143e9b82ecc4e41b6040a38dcaa5179a9bbc9bb04828ae48b79328a640aae,21,128085,2000000000,256170000000000,37.28552800000034,304.065714999997,341.35124299999734,true
load-issuance,N100-C4-R1,100,4,1,43,0xe5aec61d4012a2ef3c488c66cff4b7b039aa6e60b8027013533727d480a67aa9,21,128097,2000000000,256194000000000,37.24991600000067,304.066181999995,341.3160979999957,true
load-issuance,N100-C4-R1,100,4,1,44,0xb56199940e3ccc4c09d8bccd058513f12a87d83421f6a742c6eacfeb99ecf1f1,22,128085,2000000000,256170000000000,41.050022999996145,313.7897690000027,354.83979199999885,true
load-issuance,N100-C4-R1,100,4,1,45,0xccffb48af58004b12b12aabe52331a43c20103617c2aff42deb45c79d8265dc2,22,128097,2000000000,256194000000000,41.054229000001214,313.7120380000051,354.76626700000634,true
load-issuance,N100-C4-R1,100,4,1,46,0x9a758d82e03d57fa30ecce90558a555c7c1891c23f5022b49611b47623d2955b,22,128097,2000000000,256194000000000,41.02433900000324,313.714598999999,354.73893800000224,true
load-issuance,N100-C4-R1,100,4,1,47,0xa5840e61efac00c92255bbddabfee502dad237bfd390cc7197bdbe114076c5af,22,128097,2000000000,256194000000000,40.98758699999598,313.71648599999753,354.7040729999935,true
load-issuance,N100-C4-R1,100,4,1,48,0x3eb22720f7915d0849e9c1730c0e310b9e2d6c240abc413b210318223f890c9f,23,128097,2000000000,256194000000000,37.94559599999775,327.37443200000416,365.3200280000019,true
load-issuance,N100-C4-R1,100,4,1,49,0x03ef13a28d70df9322fca248b7ca54b8e9120143cbdb566e8131f8cf3119ddab,23,128097,2000000000,256194000000000,37.85967399999936,327.3646359999984,365.2243099999978,true
load-issuance,N100-C4-R1,100,4,1,50,0xd2e44c38e3c013fda6d5b67f518f8c8e15fd229e92918da7125d7216d286cee8,23,128097,2000000000,256194000000000,37.82624300000316,327.3653109999941,365.19155399999727,true
load-issuance,N100-C4-R1,100,4,1,51,0x92b6e13163b78e7624c5c6b0c103c8b8d504021852eda194ba7fa33b47afa2df,23,128097,2000000000,256194000000000,37.782954000002064,327.36605899999995,365.149013000002,true
load-issuance,N100-C4-R1,100,4,1,52,0x6438720c82de6f580664b7687d05e069bd319730e6d0fd68dfee2b66cd248855,24,128097,2000000000,256194000000000,40.28868800000055,330.68129699999554,370.9699849999961,true
load-issuance,N100-C4-R1,100,4,1,53,0x01f30504e8f39f91fd2d0cf751b904b2d549d165fad1b347c250f4417e60a0a4,24,128061,2000000000,256122000000000,40.2212440000003,330.67489300000307,370.89613700000336,true
load-issuance,N100-C4-R1,100,4,1,54,0xb29c5362823ca86041282fbf4a9a6bf746b2b2d3b0327da6beb09d4f07851d07,24,128097,2000000000,256194000000000,40.1925940000001,330.6763249999931,370.8689189999932,true
load-issuance,N100-C4-R1,100,4,1,55,0xaf019bcf265bc04ef938c00941ab3a4d3677822ca64dee3c6cb869f6a7f22008,24,128097,2000000000,256194000000000,40.15586400000029,330.6771080000035,370.8329720000038,true
load-issuance,N100-C4-R1,100,4,1,56,0x6db4607dc2d13cb8fcbefc6a6566226d8f9b39ccfca369c33a199b865fce8558,25,128085,2000000000,256170000000000,45.069570999999996,329.5195590000003,374.5891300000003,true
load-issuance,N100-C4-R1,100,4,1,57,0x226ed239daadcea07f9bd64352ebe7935c129095b14a7fa3fee486345a7dff57,25,128097,2000000000,256194000000000,45.00038499999937,329.5130360000039,374.5134210000033,true
load-issuance,N100-C4-R1,100,4,1,58,0x4fd4f74fe5d842e7004e7c799c8777cd80d413c7410c42f4b0ea28372f5ad5f3,25,128085,2000000000,256170000000000,44.97278699999879,329.5125590000025,374.4853460000013,true
load-issuance,N100-C4-R1,100,4,1,59,0x59ffd11e602c596721563e7489add68a2ed23cd9abe49a80d244f066668d3819,25,128085,2000000000,256170000000000,44.93656899999769,329.5121969999964,374.44876599999407,true
load-issuance,N100-C4-R1,100,4,1,60,0xe4c251f894da6016fa633789a0e4e7d152b82c8b6932be7ea6d6677412f4b609,26,128085,2000000000,256170000000000,37.85134999999718,287.17567399999825,325.02702399999544,true
load-issuance,N100-C4-R1,100,4,1,61,0x3e5c2e48db141399a3bb9594c6dfb631a088fcd4a720a16ea16d5fb85b5deb00,26,128097,2000000000,256194000000000,37.78326700000616,287.169747999993,324.95301499999914,true
load-issuance,N100-C4-R1,100,4,1,62,0x8bef1fa3883593101cae50bf63463826c27d9f91fe3020ee7e7f9246d08c8a1c,26,128097,2000000000,256194000000000,37.75333099999989,287.17147300000215,324.92480400000204,true
load-issuance,N100-C4-R1,100,4,1,63,0xc6049eca6e8e89e8ae1c1da4ee781c310be7bb88396fb3ffc70473bae5e1b582,26,128097,2000000000,256194000000000,37.7171210000015,287.172298999998,324.8894199999995,true
load-issuance,N100-C4-R1,100,4,1,64,0x3cc050a45c84df2aa322e44b0135be17f1ebcae35043199f0d0290465c5dcad0,27,128097,2000000000,256194000000000,36.836198000004515,295.1204160000052,331.9566140000097,true
load-issuance,N100-C4-R1,100,4,1,65,0xc0afc7213c6d859fefdb60aa27c597b79f307ca7d3e28cd70d49984e5f330eb9,27,128073,2000000000,256146000000000,36.76572799999849,295.1153329999943,331.88106099999277,true
load-issuance,N100-C4-R1,100,4,1,66,0x5c331ef97b97b84c7b18bc1328813dad53f84f8932f46dff59b4a87b122f0f41,27,128097,2000000000,256194000000000,36.73643799999263,295.11608700000215,331.8525249999948,true
load-issuance,N100-C4-R1,100,4,1,67,0x2ec1942567652274831fc3ae8509d82887483430d5a1db7330d6ac86262ff02c,27,128097,2000000000,256194000000000,36.70000099999015,295.11794300000474,331.8179439999949,true
load-issuance,N100-C4-R1,100,4,1,68,0x3ca10f20a992d1402177a86207cda11eec363ce835f58730bddf561d3e75a176,28,128085,2000000000,256170000000000,39.66117999999551,335.0259320000041,374.6871119999996,true
load-issuance,N100-C4-R1,100,4,1,69,0x80535fb2149160a0d037dae87ce17d9e85c82bb519634d2d9a2cf6d3ca76f3a6,28,128085,2000000000,256170000000000,39.593806000004406,335.01937599999656,374.61318200000096,true
load-issuance,N100-C4-R1,100,4,1,70,0x6a9aff2ecbb854e2ec8b559be0a3b29a781590e86343956e47795c87e0c6bbcc,28,128085,2000000000,256170000000000,39.56465099999332,335.02083100000164,374.58548199999495,true
load-issuance,N100-C4-R1,100,4,1,71,0xdb1ccc6fb7c237881ee12336c1aedce0d4e99aca76715697cd0777c634c76111,28,128097,2000000000,256194000000000,39.52747799998906,335.02210000000196,374.549577999991,true
load-issuance,N100-C4-R1,100,4,1,72,0xdc73d0c37a61fd09a9082343ce1c8546a96b604ce4a3dd13d211bce2f5c8e0f6,29,128097,2000000000,256194000000000,37.47143000000506,291.10531600000104,328.5767460000061,true
load-issuance,N100-C4-R1,100,4,1,73,0x201755361d0fc1b9231dfa3575df426726010e3dbc3c98d6cf95cc470ecefb1c,29,128097,2000000000,256194000000000,37.402384999993956,291.1015269999916,328.5039119999856,true
load-issuance,N100-C4-R1,100,4,1,74,0xbb2bdd37f10efb7dd66b56a41b98371ab45d3c1b0a48f6844079ebad1a994914,29,128097,2000000000,256194000000000,37.37396100000478,291.102761999995,328.47672299999977,true
load-issuance,N100-C4-R1,100,4,1,75,0x6b566584c3694688a52aec482612ad94c4d7d686336cf45f29ee11ebf231969d,29,128097,2000000000,256194000000000,37.33905900000536,291.1034959999961,328.44255500000145,true
load-issuance,N100-C4-R1,100,4,1,76,0x0b6293579e47d9efaa4b1104e0430a3c66dbd48957d3345a30de25f520d58915,30,128097,2000000000,256194000000000,39.81071499999962,304.1357459999999,343.94646099999954,true
load-issuance,N100-C4-R1,100,4,1,77,0xb9187777d07cfb9f3d17232d35e7c19ad3c602a3502db60dd49b868d9118cd63,30,128097,2000000000,256194000000000,39.7326480000047,304.13640699999814,343.86905500000285,true
load-issuance,N100-C4-R1,100,4,1,78,0xb3ebffe986adcf9daa400ada03b1233c4c8189da29ca39019c49fad85d7cea5f,30,128097,2000000000,256194000000000,39.70003900000302,304.13809599999513,343.83813499999815,true
load-issuance,N100-C4-R1,100,4,1,79,0xdf2c260adc80f414c57c8100676d7c215a8ff0be2b55c2436f6ffd7a0ce421b8,30,128097,2000000000,256194000000000,39.66022000000521,304.1394549999968,343.799675000002,true
load-issuance,N100-C4-R1,100,4,1,80,0xba45117e4523673fdd40dd4a04859668c1e876f86db47e476449ffda05b5d216,31,128097,2000000000,256194000000000,44.51596599999175,269.2323679999972,313.748333999989,true
load-issuance,N100-C4-R1,100,4,1,81,0xea33e7dd027859548a9c941a31b3f3ec69f058ff2abc59a721ffbab2d00f7361,31,128097,2000000000,256194000000000,44.43701599999622,269.22488800001156,313.6619040000078,true
load-issuance,N100-C4-R1,100,4,1,82,0x2c6be586ee0b99e4431da6d5df2c22d59b4926b758bc762b919f6d120b9811ae,31,128085,2000000000,256170000000000,44.40499300000374,269.2264690000011,313.63146200000483,true
load-issuance,N100-C4-R1,100,4,1,83,0xcbf05524214bc0e6fda0db8975b906d90e452dc8e7b9bd332ff3b47c24120832,31,128097,2000000000,256194000000000,44.36529000000155,269.2282509999932,313.59354099999473,true
load-issuance,N100-C4-R1,100,4,1,84,0xfe8cbc5e2cd6bc513100cabf6df6c388d3b1a596fa360a2e115054536f03bd1a,32,128097,2000000000,256194000000000,39.36033500000485,293.29998300000443,332.6603180000093,true
load-issuance,N100-C4-R1,100,4,1,85,0xa013ca843f015bdd822b39a6058c112b6405285645d8289f8849ffd27f969969,32,128097,2000000000,256194000000000,39.2100849999988,293.29245100000117,332.50253599999996,true
load-issuance,N100-C4-R1,100,4,1,86,0xc123bc91c2d5a0c69ca739232c1d24fd0551d4a5c7043fb652117c5aa39d59ec,32,128097,2000000000,256194000000000,39.13564699998824,293.29273600000306,332.4283829999913,true
load-issuance,N100-C4-R1,100,4,1,87,0x0d11cbe93b94a66e8d5c4fce7afac39d4d842d3ccedb48c57c129de0841ef27e,32,128097,2000000000,256194000000000,39.09262400001171,293.29313099999854,332.38575500001025,true
load-issuance,N100-C4-R1,100,4,1,88,0x72d3f4ec9499cec581a3237ddcd1b7f1a02a15ec463fda7ec18a1cd4f58e14b7,33,128097,2000000000,256194000000000,38.63268700000481,284.7583339999983,323.3910210000031,true
load-issuance,N100-C4-R1,100,4,1,89,0x306c6469cc5766309f19aa998ea45408f4d894600c264a2e7ffed46d31266f29,33,128097,2000000000,256194000000000,38.56864599999972,284.75207099999534,323.32071699999506,true
load-issuance,N100-C4-R1,100,4,1,90,0xd8553f65728ea0807974131e98d0b10f6c730779d67bc086005e9e044c676ac2,33,128097,2000000000,256194000000000,38.54045999998925,284.75276800000574,323.293227999995,true
load-issuance,N100-C4-R1,100,4,1,91,0x6a5af513e31c6157c2213e5de1f531b172f6ff5395b7f8a7ff73085b19a2f8e0,33,128097,2000000000,256194000000000,38.50647699998808,284.75365100000636,323.26012799999444,true
load-issuance,N100-C4-R1,100,4,1,92,0x132bf7022b3237ae7b944a44de45831fe1e6611442e9637f22632df4e668765c,34,128085,2000000000,256170000000000,37.61772700000438,244.5232010000036,282.140928000008,true
load-issuance,N100-C4-R1,100,4,1,93,0xe63e379aa1c1442c0b1b6b069961fcca81281fc8337b8ecf93259da3bd91de85,34,128097,2000000000,256194000000000,37.551548000003095,244.51695999999356,282.06850799999665,true
load-issuance,N100-C4-R1,100,4,1,94,0xd4362bf00b2faa457767aa7729956f91b33a08e51b68f5fc429eb73374a64e7a,34,128097,2000000000,256194000000000,37.52366599999368,244.5183190000098,282.0419850000035,true
load-issuance,N100-C4-R1,100,4,1,95,0x11e728c5fd0e27d6c257b484daed6550c48c4e605703914fe6365fea4289b95a,34,128085,2000000000,256170000000000,37.486796999990474,244.5185199999978,282.0053169999883,true
load-issuance,N100-C4-R1,100,4,1,96,0x948a831fd5f23d228260ebbcfd972c832ac9c90fb258a8316b5599c5a4cacee6,35,128097,2000000000,256194000000000,37.0998949999921,286.64716400000907,323.7470590000012,true
load-issuance,N100-C4-R1,100,4,1,97,0x20cbc15e6375c89aae47e08de5680987f1489f317a0a9c548f5751bdc950ecbd,35,128097,2000000000,256194000000000,37.031182999999146,286.6433709999983,323.67455399999744,true
load-issuance,N100-C4-R1,100,4,1,98,0x0e92a600e0bddf3ed5a4bde43acd840e28976d5b541d3599ce3ea726f83b31f9,35,128097,2000000000,256194000000000,37.00293299999612,286.6445999999996,323.64753299999575,true
load-issuance,N100-C4-R1,100,4,1,99,0x2eefe9675b079e920bd9898d58a2af194cf9dfe3fbf0c9db53214014496e2cc7,35,128085,2000000000,256170000000000,36.96454299999459,286.6453590000019,323.6099019999965,true
student-registration,N100-C4-R2,,,,,0x35e80f50dac826204fcd0ece12c176280b6014c98602cff712d292196e2181e6,2,69996,2000000000,139992000000000,67.72518300000229,159.79891899999348,227.52410199999576,true
university-registration,N100-C4-R2,,,,,0x2cc952f4a87b049fe255a9b5dd82c8d06bb038c52df9e9a3282d711308241498,3,116117,2000000000,232234000000000,78.54760999999417,203.92574200000672,282.4733520000009,true
approval,N100-C4-R2,,,,,0x7de83148f36aff846a0fb0c70abc256b33e61e34f8a1589b23feebb11972476a,4,29108,2000000000,58216000000000,57.70591400000558,201.56152400000428,259.26743800000986,true
university-registration,N100-C4-R2,,,,,0x90a008e592bf3608986d7f3f742076fe15461e3249dd45556f591e7ea2129990,5,99017,2000000000,198034000000000,68.298987999995,161.54692399999476,229.84591199998977,true
approval,N100-C4-R2,,,,,0x2a7f7922da02a89e6da668518e1ba7c893617730abccd72175ebb5e8ae177c6e,6,29108,2000000000,58216000000000,74.92318800000066,200.6856770000013,275.60886500000197,true
university-registration,N100-C4-R2,,,,,0xbfa020197992959ac64b4a9268becdfec8ace8f7d163e4315c0a6b2ed3e11684,7,99017,2000000000,198034000000000,73.3259870000038,201.79512399999658,275.1211110000004,true
approval,N100-C4-R2,,,,,0xd09904678371e8f5da7968f4e011a42c2f5cb175442e66a7cb94ec9e5f91d374,8,29108,2000000000,58216000000000,57.61677399999462,200.54160000001139,258.158374000006,true
university-registration,N100-C4-R2,,,,,0xc0a13757b334f7a5e49bb21be3e8c0b348c40be4f15a10deb0b7e1cae54f16a1,9,99017,2000000000,198034000000000,73.89118299999973,159.45221799999126,233.343400999991,true
approval,N100-C4-R2,,,,,0x5a02caf239f3618a3bf5e3a7469e3b64f0aaa7aad6badcd67ab3f23c50fcbd5b,10,29108,2000000000,58216000000000,64.13214499999594,199.64254499999515,263.7746899999911,true
load-issuance,N100-C4-R2,100,4,2,0,0x96f6ba3181e23f6dfc97a8f678a7401e5bea71e3984bb5b23b3e3a3a9eae4dfc,11,145197,2000000000,290394000000000,37.71656200000143,211.4979880000028,249.21455000000424,true
load-issuance,N100-C4-R2,100,4,2,1,0x5258f1e6118fffe86611231173b96fb0b291d03f420cfdf18439becd6a06c047,11,128097,2000000000,256194000000000,37.6391980000044,211.49147500000254,249.13067300000694,true
load-issuance,N100-C4-R2,100,4,2,2,0x8bd2d3f5158dcd43d02064ae44c854a9df9443be908e07ec31e6e932f430abf8,11,128097,2000000000,256194000000000,37.58744899999874,211.49323999999615,249.0806889999949,true
load-issuance,N100-C4-R2,100,4,2,3,0x81ddece423b9d7059bf021ab0c68bfdeb9a9a4ff235e30f9bb6f3784a8260ade,11,128097,2000000000,256194000000000,37.56226799999422,211.49390100000892,249.05616900000314,true
load-issuance,N100-C4-R2,100,4,2,4,0x684550140d2096b7d6563bcf6cab42e0058e5441d69e479066da6ddca36ed55f,12,128085,2000000000,256170000000000,41.13538300000073,299.390247000003,340.52563000000373,true
load-issuance,N100-C4-R2,100,4,2,5,0xdc57544605c7f48cc3ee8fa66dc7f5c27d5316054451468237c95b8cedca6d0f,12,128097,2000000000,256194000000000,41.068138000002364,299.3850999999995,340.4532380000019,true
load-issuance,N100-C4-R2,100,4,2,6,0x93211014878a27e1bf7b1aacd98fcf575df952516ae488a7562907bebd186b21,12,128097,2000000000,256194000000000,41.039030999992974,299.38580800000636,340.42483899999934,true
load-issuance,N100-C4-R2,100,4,2,7,0x163bed572dba1bab1db8d2705f0863849fad6bb6f37ce53a0b466c744897c019,12,128097,2000000000,256194000000000,41.00592999999935,299.3857960000023,340.39172600000165,true
load-issuance,N100-C4-R2,100,4,2,8,0x3b772759b69185692f7835c8819304c29aaca76f0423bac3d6c639026d7e352f,13,128097,2000000000,256194000000000,39.31963199999882,294.50250100000994,333.82213300000876,true
load-issuance,N100-C4-R2,100,4,2,9,0xffbffd7285d4ef22dbf294b6072f85bfc56abc586d139288cb3a71141b6bef63,13,128097,2000000000,256194000000000,39.265929999994114,294.49356299999636,333.75949299999047,true
load-issuance,N100-C4-R2,100,4,2,10,0xefa3c60261ffe7512c395262d4cd23a523a2c482711fbd8bacbbd80f966b7546,13,128097,2000000000,256194000000000,39.23670899998979,294.5063680000021,333.7430769999919,true
load-issuance,N100-C4-R2,100,4,2,11,0x94889032b3b4b280f1928b612d082c7ec63c876718928ae649fbaaa6c4d199d9,13,128097,2000000000,256194000000000,39.53411399999459,294.17559600000095,333.70970999999554,true
load-issuance,N100-C4-R2,100,4,2,12,0x3e6ab370671c4d6f8b415a826189345793d4246dfeead3aabfbc6d9fca3a69fc,14,128097,2000000000,256194000000000,45.03384199998982,301.80063900000823,346.83448099999805,true
load-issuance,N100-C4-R2,100,4,2,13,0xf6365db656c2ed295bbdb9c6e1c971193b78b171cb8574d9eac9ea9185b7f548,14,128097,2000000000,256194000000000,44.96245099999942,301.7968680000049,346.7593190000043,true
load-issuance,N100-C4-R2,100,4,2,14,0x12735ee1a1b50b7bb78e2e9a66c7aa30dbfaec2bc9931b8caf0e5d6c58eb8e27,14,128097,2000000000,256194000000000,44.935528000001796,301.7976359999884,346.7331639999902,true
load-issuance,N100-C4-R2,100,4,2,15,0xf2542fe70159402b1b51c12f01b9ffbe2b5e527cc7d7209f78d6a7a33cbedd7b,14,128085,2000000000,256170000000000,44.83739600000263,301.79601799999364,346.63341399999626,true
load-issuance,N100-C4-R2,100,4,2,16,0x78711ced3ee06285e8404ea3bce0a9dd828614ccd5d510a14c6c2fbdd730b4ff,15,128097,2000000000,256194000000000,39.28080899998895,289.04650900000706,328.327317999996,true
load-issuance,N100-C4-R2,100,4,2,17,0x5ca3d38aaafd2c34f8c136c90b71a08e768c8ce90fcc5824c0187cff9af86c1d,15,128097,2000000000,256194000000000,39.121836000005715,289.04041399998823,328.16224999999395,true
load-issuance,N100-C4-R2,100,4,2,18,0x0936e0695510f91f260356b4d6e2ec071708f20e9bf74c5a159402447152986a,15,128085,2000000000,256170000000000,39.08409399999073,289.0413360000093,328.12543000000005,true
load-issuance,N100-C4-R2,100,4,2,19,0xc83914e04c88a898288de04203b425f99455f38ffbf78ba3c8cde6771237fb5f,15,128097,2000000000,256194000000000,39.043367999998736,289.0422510000062,328.08561900000495,true
load-issuance,N100-C4-R2,100,4,2,20,0xef208d7cfacf8f5939b53cadaa56521909400697b9b5c8cea5e36f8f1a52fb9d,16,128097,2000000000,256194000000000,38.5571409999975,335.25329999999667,373.81044099999417,true
load-issuance,N100-C4-R2,100,4,2,21,0x14427e5a6d5c72a743cb26d634924bfa16aa8d5755bcfaef499d242df6cb0d39,16,128085,2000000000,256170000000000,38.42008999999962,335.24943000001076,373.6695200000104,true
load-issuance,N100-C4-R2,100,4,2,22,0x80ebea205b553dc5069ac58fb2f3f5a6a40cd55498b2b77fee7c5fd0cd589912,16,128097,2000000000,256194000000000,38.386436000000685,335.2503609999985,373.6367969999992,true
load-issuance,N100-C4-R2,100,4,2,23,0xc42061da8d689ed46b307cd53d3400f33334cf60ff33d94cbcaabd3ade875ecf,16,128097,2000000000,256194000000000,38.3491869999998,335.2518479999999,373.6010349999997,true
load-issuance,N100-C4-R2,100,4,2,24,0x04a0532fb3129c819e9442e58d8270b4d2a3b298377d0597fe285937ab71bf06,17,128097,2000000000,256194000000000,40.59117400000105,242.81696500000544,283.4081390000065,true
load-issuance,N100-C4-R2,100,4,2,25,0x00ecb4071de82ad9054180c573582092d551e98268b66615516093bf0861c8aa,17,128097,2000000000,256194000000000,40.47146700001031,242.81113699999696,283.28260400000727,true
load-issuance,N100-C4-R2,100,4,2,26,0xb596363859e7fa544f6263e0c82e65c04b8276d0f607723fbe849614ceff4586,17,128073,2000000000,256146000000000,40.43963599999552,242.81268600000476,283.2523220000003,true
load-issuance,N100-C4-R2,100,4,2,27,0x16aec341252fd0d172f47750e8a7e4e11e74c39d65e78cd687692ad7f8ebdd92,17,128097,2000000000,256194000000000,40.40150900000299,242.8141900000046,283.2156990000076,true
load-issuance,N100-C4-R2,100,4,2,28,0x6287cf27fd51d7173d8677fd7fc35ef934683891a740a3f9c74d6c6734acbce4,18,128085,2000000000,256170000000000,38.06107100000372,289.4195139999938,327.4805849999975,true
load-issuance,N100-C4-R2,100,4,2,29,0xce9ed989cfcce269fcec2a1579ed600c1382334287f839d263d144e5717f0e55,18,128097,2000000000,256194000000000,37.98766299999261,289.41423300000315,327.40189599999576,true
load-issuance,N100-C4-R2,100,4,2,30,0xa2a32bf340c8d8b07fca7438a6899c8ab4444eeca9595627688946b71fcad5d4,18,128097,2000000000,256194000000000,37.95940900000278,289.414632,327.37404100000276,true
load-issuance,N100-C4-R2,100,4,2,31,0xa62060a8da5d488c3b19b9ba8217f1a0b2a89dd419d12b9778d917f5ab6453b4,18,128085,2000000000,256170000000000,37.91770499999984,289.41566199999943,327.33336699999927,true
load-issuance,N100-C4-R2,100,4,2,32,0xc62dd76c5b2deef3033d34575240a282345982fe2e4295bfa53dcf7a33420fb1,19,128097,2000000000,256194000000000,38.40584900000249,244.62223199999426,283.02808099999675,true
load-issuance,N100-C4-R2,100,4,2,33,0xeaa621a4eb1cec9ef293d5e42472dfead04464bb75fc776b235c95eb8ee63b9c,19,128097,2000000000,256194000000000,38.331294000003254,244.6200039999967,282.95129799999995,true
load-issuance,N100-C4-R2,100,4,2,34,0xd7ec8bab848f695152bb2c86486732e35f2dc1ae59005f572bda305588814753,19,128097,2000000000,256194000000000,38.2681639999937,244.6217869999964,282.8899509999901,true
load-issuance,N100-C4-R2,100,4,2,35,0xf12ba90c599816e1604a5748219530641f4a6ef779cf375dde94b80bed8323a2,19,128085,2000000000,256170000000000,38.227135000008275,244.62337099999422,282.8505060000025,true
load-issuance,N100-C4-R2,100,4,2,36,0x7f525c6e5d23b3be03b6f01d4b1a6174e4f3dd61a23f3ff8d307678a59f76c0a,20,128097,2000000000,256194000000000,37.59689100000833,287.8348049999913,325.43169599999965,true
load-issuance,N100-C4-R2,100,4,2,37,0x25d52e5c3f345fd0d909415984ecf54fd598a442bdcf0f01fa2b10bbe89983a2,20,128097,2000000000,256194000000000,37.529701999999816,287.8279679999978,325.3576699999976,true
load-issuance,N100-C4-R2,100,4,2,38,0xeda4adb935930e231aa5f4b9661a395288ebc56e45c43c09f1d31c76caea25fc,20,128097,2000000000,256194000000000,37.41918799999985,287.82947900000727,325.2486670000071,true
load-issuance,N100-C4-R2,100,4,2,39,0x4b1871262c9584bc5d5f98c5b174bad8334eb976e427c776cf02658f29c77011,20,128097,2000000000,256194000000000,37.379885000002105,287.8303319999977,325.21021699999983,true
load-issuance,N100-C4-R2,100,4,2,40,0x97b0e8e519a0e025c879595722a89dd8b989577861647cb00745f4827a6e9305,21,128097,2000000000,256194000000000,37.4330639999971,289.06446900000446,326.49753300000157,true
load-issuance,N100-C4-R2,100,4,2,41,0x16cdd6210ee44e4ffe093e7578af7dcda3d697c4c76f96edcd3a769769c4c820,21,128097,2000000000,256194000000000,37.36751799999911,289.05820200000016,326.4257199999993,true
load-issuance,N100-C4-R2,100,4,2,42,0x96519f9c952aafdaa9d0dee94bde24463015d881eacded1cb697dcc194904118,21,128097,2000000000,256194000000000,37.3420599999954,289.057885000002,326.3999449999974,true
load-issuance,N100-C4-R2,100,4,2,43,0x2d37116d4bb6d83e30f0d563c794c423d2508c4496dee1af912cccdce765f1ac,21,128097,2000000000,256194000000000,37.30857599999581,289.0585080000019,326.3670839999977,true
load-issuance,N100-C4-R2,100,4,2,44,0x2c8ae571ca46c06e366224c5fd3e75a6df72e8cf00c6055297b8b3bc0c28d638,22,128085,2000000000,256170000000000,36.81207900001027,243.59410099999513,280.4061800000054,true
load-issuance,N100-C4-R2,100,4,2,45,0x48087e03a320bf1859277d308868f99620e05fe73e9aee00bbddddc45caf6854,22,128097,2000000000,256194000000000,36.7446889999992,243.58972099999664,280.33440999999584,true
load-issuance,N100-C4-R2,100,4,2,46,0x28dc49b531fa31a6c85cdd287395eff7ad3954543aeb7b21841dfdebec11e231,22,128097,2000000000,256194000000000,36.679896999994526,243.59053600000334,280.27043299999787,true
load-issuance,N100-C4-R2,100,4,2,47,0xfb253833d19080e3eb500fcfe531bac7a1ae30748ed2ffa0ee9289babafce298,22,128097,2000000000,256194000000000,36.6330569999991,243.5908960000088,280.2239530000079,true
load-issuance,N100-C4-R2,100,4,2,48,0x41595b71e013632e915671ed254ca0a0aada60d97a9d0b3212cf1bd307bb6478,23,128085,2000000000,256170000000000,37.99871900001017,287.0592629999883,325.05798199999845,true
load-issuance,N100-C4-R2,100,4,2,49,0xc8ecdae05f75773c488cb9c0472d78e53b79e408894e3f0e80e15eb8d9493991,23,128097,2000000000,256194000000000,37.92869800000335,287.0556639999995,324.9843620000029,true
load-issuance,N100-C4-R2,100,4,2,50,0x586c7685b6417ec6ed255f2f3b330e381bcaeab89666dd2c81fd3324a37936b1,23,128097,2000000000,256194000000000,37.90114600000379,287.0568859999912,324.958031999995,true
load-issuance,N100-C4-R2,100,4,2,51,0x0569515cc81c0976f415f12a14dab9fcf119c55dfd36b3537140cf5e1d9cf1b5,23,128097,2000000000,256194000000000,37.86457700000028,287.05864999999176,324.92322699999204,true
load-issuance,N100-C4-R2,100,4,2,52,0x7bd849d24a63f4d22f29773a81f24a0ca17d3eea35503ac5367763f4856f20bb,24,128097,2000000000,256194000000000,37.74979399998847,311.0884820000065,348.83827599999495,true
load-issuance,N100-C4-R2,100,4,2,53,0x3a9de1889e66d275db151d5a24b21aa2f42c0341f98950efcf5591c968ce3418,24,128097,2000000000,256194000000000,37.68042000000423,311.08173700000043,348.76215700000466,true
load-issuance,N100-C4-R2,100,4,2,54,0xab84b31d6a75c5eb040a3af5d41325d3335ebb47e5693e18e446bb6db0ce78bb,24,128097,2000000000,256194000000000,37.652822999996715,311.0832470000023,348.736069999999,true
load-issuance,N100-C4-R2,100,4,2,55,0xcf1227cbcf786149da75e51a40f883819ef83eb8d46ca273b61ae34c865888f2,24,128097,2000000000,256194000000000,37.60900299999048,311.0846160000074,348.69361899999785,true
load-issuance,N100-C4-R2,100,4,2,56,0x2aa203340d3a6c3b6bb56950041cc3228f1dc272aa6d8d920b6903d663eb2174,25,128097,2000000000,256194000000000,37.21549899999809,248.60120600000664,285.81670500000473,true
load-issuance,N100-C4-R2,100,4,2,57,0xfddd8d478b804abde347159ede85c106c6be19f04673efc552ab95905241f3b4,25,128097,2000000000,256194000000000,37.14491900001303,248.59722799999872,285.74214700001176,true
load-issuance,N100-C4-R2,100,4,2,58,0x38e5b63ba1764276200471d053cab18b327cd921adbe9772d559c8e06b5fbe37,25,128097,2000000000,256194000000000,37.11787899999763,248.598834000004,285.7167130000016,true
load-issuance,N100-C4-R2,100,4,2,59,0x8600efeb3e9ab5a06c1139b79649019585c0c8207f720c78cf475f7c386f7e31,25,128085,2000000000,256170000000000,37.090932999999495,248.60058899999422,285.6915219999937,true
load-issuance,N100-C4-R2,100,4,2,60,0xd3b8fbfa9753ac8478fa3d38702ae3d2ab72fee7964d159670a553e8e50b795e,26,128085,2000000000,256170000000000,52.922646999999415,241.91227600000275,294.83492300000216,true
load-issuance,N100-C4-R2,100,4,2,61,0xcab5167d9e74a5d380f8bcadb7c7f734b76679bafdd2d323b4d0b4627fec194c,26,128097,2000000000,256194000000000,52.77921600000991,241.90775600000052,294.6869720000104,true
load-issuance,N100-C4-R2,100,4,2,62,0xe4aa5b49ac5dde49b95457fe5cd5212a94e78fc24c76344b4d5d4ce1e801a4c2,26,128097,2000000000,256194000000000,52.72097900000517,241.90940799999225,294.6303869999974,true
load-issuance,N100-C4-R2,100,4,2,63,0x7d4563adc1a098fc81de6db0236157270ef2a8f105e90fe46728b271eb25f42b,26,128097,2000000000,256194000000000,52.6817779999983,241.91032199999609,294.5920999999944,true
load-issuance,N100-C4-R2,100,4,2,64,0x33d1025b0aa87c98e78e986a3135ce24f747b412cd384f6d667f857be4d06b63,27,128097,2000000000,256194000000000,38.36053800000809,287.73175599999377,326.09229400000186,true
load-issuance,N100-C4-R2,100,4,2,65,0x7665653aafe6858eb766e93ad55a0a510927cfba633bc6642baf1417d755fe45,27,128085,2000000000,256170000000000,38.29387100000167,287.7276700000075,326.02154100000917,true
load-issuance,N100-C4-R2,100,4,2,66,0xffe6fb61ff8565bd61e210e2fce58bc9158d7949513a55ec69a12e563978157e,27,128097,2000000000,256194000000000,38.25943000000552,287.7290909999865,325.98852099999203,true
load-issuance,N100-C4-R2,100,4,2,67,0xa59bee7d395cf89eed32ab98f29582046dd65082fca85bb88371cffaee7530ed,27,128097,2000000000,256194000000000,38.22140599999693,287.7304800000129,325.95188600000984,true
load-issuance,N100-C4-R2,100,4,2,68,0xf6aa2d98e1f20b23d0e4cf8e4a0692730bad995d258809726e8b9c490ec607c3,28,128097,2000000000,256194000000000,40.29394299999694,288.71323900000425,329.0071820000012,true
load-issuance,N100-C4-R2,100,4,2,69,0xa206d1e2aa25c3427db5e8fecb205c8d0c54826d1e2488677da7c2d995a83709,28,128097,2000000000,256194000000000,40.22313600000052,288.70965199999046,328.932787999991,true
load-issuance,N100-C4-R2,100,4,2,70,0xf8dfff20ff8f6406255c260d015db9765192e7eea4c3e6527604852d83a60a25,28,128085,2000000000,256170000000000,40.19591899999068,288.7103780000034,328.9062969999941,true
load-issuance,N100-C4-R2,100,4,2,71,0x2a6e5f152cbedb2b7b5eaaa0be8520a45f69aa6e8feccce2b0f846671635b34f,28,128097,2000000000,256194000000000,40.16176400000404,288.7105089999968,328.87227300000086,true
load-issuance,N100-C4-R2,100,4,2,72,0x147894c1d0a3632a3b67cd6f195a2e5ba8e8dbb5196b0428ab61f7fbd726c5cb,29,128097,2000000000,256194000000000,37.95744800000102,286.1052789999958,324.0627269999968,true
load-issuance,N100-C4-R2,100,4,2,73,0x5e89d679975ff32ec275a046a12f1737cd2393900f87a13ea803c42d0fac0c03,29,128097,2000000000,256194000000000,37.896835999999894,286.09576599999855,323.99260199999844,true
load-issuance,N100-C4-R2,100,4,2,74,0xae38ff2ed453e0c25d7a4e408726cf8e5f57179db47e3c8e59449c9f8fb8bead,29,128097,2000000000,256194000000000,37.876929000005475,286.0894699999917,323.9663989999972,true
load-issuance,N100-C4-R2,100,4,2,75,0x67719bcb017033fdbd729cf27cb1e6151032f9d9f1f80fcb272e3b5f3a3c6c1d,29,128097,2000000000,256194000000000,37.83305200000177,286.09082499999204,323.9238769999938,true
load-issuance,N100-C4-R2,100,4,2,76,0x79c985cad790ada34ad1c900a3ab9161f835f530a69755ab15d916701d52d91a,30,128085,2000000000,256170000000000,36.41412200000195,242.40382999999565,278.8179519999976,true
load-issuance,N100-C4-R2,100,4,2,77,0x64cbae7b810a3b731ec3500177fb4dce6ef4d79c848a2b4c5899f6998185f7e0,30,128097,2000000000,256194000000000,36.34393399998953,242.40277200000128,278.7467059999908,true
load-issuance,N100-C4-R2,100,4,2,78,0xfceaafd21eec0891e4ef7c72d4df3e245d0e2c77784bd8fef6b5240b28373d26,30,128097,2000000000,256194000000000,36.314312000002246,242.40411800000584,278.7184300000081,true
load-issuance,N100-C4-R2,100,4,2,79,0xcb30cf8006bb44567b19cae932a25970ecf139e74992fd5e6e9ec047eaccb69e,30,128097,2000000000,256194000000000,36.28261299998849,242.4055950000038,278.6882079999923,true
load-issuance,N100-C4-R2,100,4,2,80,0x153d57b80ba117e6605effd1662274171f990bc14bb750a55f9bcfdfb12c35e5,31,128097,2000000000,256194000000000,37.623506000003545,295.8834930000012,333.5069990000047,true
load-issuance,N100-C4-R2,100,4,2,81,0xd506e722dc213b799e9e48f1bf91ed64caa3fafc435383773c5163b2beec898f,31,128097,2000000000,256194000000000,37.4635649999982,295.883170000001,333.34673499999917,true
load-issuance,N100-C4-R2,100,4,2,82,0xd1ad1e5b962fec39fc9dfd1a3580c0120082320105b08a01387192905d6f3c56,31,128097,2000000000,256194000000000,37.43638899999496,295.8856630000082,333.32205200000317,true
load-issuance,N100-C4-R2,100,4,2,83,0x2815b83a2b2ef8b4460960c24cacc29c39996af0b5c3ff2af1a58542464512e8,31,128097,2000000000,256194000000000,37.40083699999377,295.8876799999998,333.2885169999936,true
load-issuance,N100-C4-R2,100,4,2,84,0xdea47cf686aefd2b36818d59930edd94df6ccd5b62db65d81f06a3b6424d8acb,32,128097,2000000000,256194000000000,38.402138000004925,286.0075450000004,324.4096830000053,true
load-issuance,N100-C4-R2,100,4,2,85,0xaf90f1d4c255fea43c953982d76c12246c11211685bc7dcdac0884eca8557da7,32,128097,2000000000,256194000000000,38.294074999997974,286.0021859999979,324.29626099999587,true
load-issuance,N100-C4-R2,100,4,2,86,0x17e8b50ed9bd40fb7127cf9e0c950e296a53d4e1e7177f81640b396cc1a52630,32,128097,2000000000,256194000000000,38.26641299999028,286.00360300000466,324.27001599999494,true
load-issuance,N100-C4-R2,100,4,2,87,0xf295bfa723c7889921bcaa61d9bf423b5f31b2eedc49850d86e8780bd4d29feb,32,128097,2000000000,256194000000000,38.231280000007246,286.00456299999496,324.2358430000022,true
load-issuance,N100-C4-R2,100,4,2,88,0x3efcf41179777f2b106244ad514882118effcee9303da96899b5f7f51d509c16,33,128097,2000000000,256194000000000,44.79915500000061,285.1829490000091,329.9821040000097,true
load-issuance,N100-C4-R2,100,4,2,89,0x947d74d8a0f484c4c1ffaf65d2e9e764e09c72b831c3cdac8658d6575e827a50,33,128097,2000000000,256194000000000,44.80901199999789,285.09492599999066,329.90393799998856,true
load-issuance,N100-C4-R2,100,4,2,90,0x4ca3f560b72c46ffbb96212caf28ad1e58a1c4741cdad385652e9210c8a814de,33,128097,2000000000,256194000000000,44.78460199999972,285.09417199999734,329.87877399999707,true
load-issuance,N100-C4-R2,100,4,2,91,0x4a467b0ea6a37edb15baa8b909327d095fdeae48b1f9ee4b1fae146063c5bf75,33,128097,2000000000,256194000000000,44.74730499999714,285.09483100000944,329.8421360000066,true
load-issuance,N100-C4-R2,100,4,2,92,0x51127b88d88f130cb7dd97981c0f584ab87d59099f138a20d5c39efab0bb266e,34,128097,2000000000,256194000000000,39.791698000000906,375.5533180000057,415.3450160000066,true
load-issuance,N100-C4-R2,100,4,2,93,0xcc3941818a95e5a4508041e3c0116ab39cdc9a3371f73c1b287ca1fe63d13f65,34,128097,2000000000,256194000000000,39.72409699999844,375.5472560000053,415.2713530000037,true
load-issuance,N100-C4-R2,100,4,2,94,0x876ff2492335b7df38a10dfc851b17fafc960b0cec6660b30e5677f469fc6bcb,34,128085,2000000000,256170000000000,39.69265599999926,375.54971999999543,415.2423759999947,true
load-issuance,N100-C4-R2,100,4,2,95,0xf0af63c86535ffec064989d2c80f3bad1ccc15a62f4cb44e444ecd4e17bfca17,34,128085,2000000000,256170000000000,39.659224999995786,375.5509260000108,415.2101510000066,true
load-issuance,N100-C4-R2,100,4,2,96,0x1b630200503baa6244ebf3a5f825c1bd3f314feca44b4c42231bf3b6065c0354,35,128073,2000000000,256146000000000,37.974403000000166,288.5262300000031,326.5006330000033,true
load-issuance,N100-C4-R2,100,4,2,97,0x8d41c3a968b8333a92883512dcf72d58da10a76fea10ab6565bbc26c9da8dad8,35,128097,2000000000,256194000000000,37.89916699999594,288.520193999997,326.41936099999293,true
load-issuance,N100-C4-R2,100,4,2,98,0x0230ecf4e0a9a2960b5a543c0e0e5f89088959bef5f58beec49571214c327fc8,35,128097,2000000000,256194000000000,37.872400000007474,288.5207789999986,326.39317900000606,true
load-issuance,N100-C4-R2,100,4,2,99,0xeb7c71cbdd25a9127ea4f21625a710eeae97472a416321360fb417ee226e9465,35,128097,2000000000,256194000000000,37.83618800000113,288.52124499999627,326.3574329999974,true
student-registration,N100-C4-R3,,,,,0x49701c96124d4499e9bbda3bddbbb9a1a1c1342e6c41c9b703bd071bffc03e10,2,69996,2000000000,139992000000000,65.32211399999505,167.26944899999944,232.5915629999945,true
university-registration,N100-C4-R3,,,,,0x2cc952f4a87b049fe255a9b5dd82c8d06bb038c52df9e9a3282d711308241498,3,116117,2000000000,232234000000000,76.43324600000051,201.20426800000132,277.63751400000183,true
approval,N100-C4-R3,,,,,0x7de83148f36aff846a0fb0c70abc256b33e61e34f8a1589b23feebb11972476a,4,29108,2000000000,58216000000000,93.3926749999955,160.2202799999941,253.6129549999896,true
university-registration,N100-C4-R3,,,,,0x90a008e592bf3608986d7f3f742076fe15461e3249dd45556f591e7ea2129990,5,99017,2000000000,198034000000000,69.51056799999787,200.77257899999677,270.28314699999464,true
approval,N100-C4-R3,,,,,0x2a7f7922da02a89e6da668518e1ba7c893617730abccd72175ebb5e8ae177c6e,6,29108,2000000000,58216000000000,69.95130700001027,160.53298099999665,230.48428800000693,true
university-registration,N100-C4-R3,,,,,0xbfa020197992959ac64b4a9268becdfec8ace8f7d163e4315c0a6b2ed3e11684,7,99017,2000000000,198034000000000,79.4569940000074,201.57885499999975,281.03584900000715,true
approval,N100-C4-R3,,,,,0xd09904678371e8f5da7968f4e011a42c2f5cb175442e66a7cb94ec9e5f91d374,8,29108,2000000000,58216000000000,88.3177480000013,162.78954100000556,251.10728900000686,true
university-registration,N100-C4-R3,,,,,0xc0a13757b334f7a5e49bb21be3e8c0b348c40be4f15a10deb0b7e1cae54f16a1,9,99017,2000000000,198034000000000,75.41396099999838,203.1033610000013,278.5173219999997,true
approval,N100-C4-R3,,,,,0x5a02caf239f3618a3bf5e3a7469e3b64f0aaa7aad6badcd67ab3f23c50fcbd5b,10,29108,2000000000,58216000000000,64.27287999998953,204.24852600001032,268.52140599999984,true
load-issuance,N100-C4-R3,100,4,3,0,0x12d5a1aef62e08499cd7e597e2beae02dae3f5c05f5b1b1621c588ed8645b3b0,11,145197,2000000000,290394000000000,38.73397600000317,164.53675600000133,203.2707320000045,true
load-issuance,N100-C4-R3,100,4,3,1,0x362a87240b5fba77e390888bf118635342cf8bcb5817693a96481257583173bd,11,128097,2000000000,256194000000000,38.61242800000764,164.53854899998987,203.1509769999975,true
load-issuance,N100-C4-R3,100,4,3,2,0x9aae8445d8c2eee0cea951a8abdfb311b1d02f5794e4aefc1e9d858fa3204acd,11,128097,2000000000,256194000000000,38.56648700000369,164.53939599999285,203.10588299999654,true
load-issuance,N100-C4-R3,100,4,3,3,0x8935e4b84e5980fc8c07a2df91e472aff7f26900f823b66d2062d6de07a51786,11,128085,2000000000,256170000000000,38.52411299999221,164.54013200000918,203.0642450000014,true
load-issuance,N100-C4-R3,100,4,3,4,0x89abd7d4ca95707639df8f9d78043ae43fc21a924412960fae9d4dfe0e16576e,12,128097,2000000000,256194000000000,68.53699799999595,269.6504399999976,338.18743799999356,true
load-issuance,N100-C4-R3,100,4,3,5,0xdfa0abbbbea7a4561e76e0cea69d029a3b3fa38622e472162a358dfcbcf9af47,12,128097,2000000000,256194000000000,68.46048500000325,269.64231100000325,338.1027960000065,true
load-issuance,N100-C4-R3,100,4,3,6,0x627fe9f4c57cb1d70c14273ef7a47dab5a3c92ee7fd2b5bfb842c95442acbd8c,12,128097,2000000000,256194000000000,68.4317330000049,269.64340499999525,338.07513800000015,true
load-issuance,N100-C4-R3,100,4,3,7,0xfb31935ff5e4a230c1702c3771205ceb9e6444c37bad75042346bcccf2b75790,12,128097,2000000000,256194000000000,68.39380000000529,269.6437889999943,338.03758899999957,true
load-issuance,N100-C4-R3,100,4,3,8,0xe41ccf8dbca11703ad2e899f6135e386023bc6a5bd3637f09088d178e75f3d32,13,128085,2000000000,256170000000000,37.085581999999704,300.42217900000105,337.50776100000076,true
load-issuance,N100-C4-R3,100,4,3,9,0xd9cab31f35b49039acfbf8ab8d9f7c98f208400b0dff52a08c39969d46276534,13,128097,2000000000,256194000000000,37.016935000006924,300.41643099999055,337.4333659999975,true
load-issuance,N100-C4-R3,100,4,3,10,0xcc32d5f5292c490414853d16806482ca6438fccef32a298e88e0a2c08f43a82d,13,128097,2000000000,256194000000000,36.989455000002636,300.4185529999959,337.4080079999985,true
load-issuance,N100-C4-R3,100,4,3,11,0x61a0bb2e3e1c6a4db40f80cdce295ef4e9f5b244f819f3061130f57114e26500,13,128097,2000000000,256194000000000,36.95928399999684,300.41985200000636,337.3791360000032,true
load-issuance,N100-C4-R3,100,4,3,12,0x4915bf4b23610781693cbff054174675024210bd1bf225037a3aee1e323d8d22,14,128097,2000000000,256194000000000,38.91094999999041,291.2553370000096,330.166287,true
load-issuance,N100-C4-R3,100,4,3,13,0x898a91086e1ecbde1e569392e16820b014c143abca732450e8a35435bb79c4ad,14,128097,2000000000,256194000000000,38.774119000008795,291.2494020000013,330.0235210000101,true
load-issuance,N100-C4-R3,100,4,3,14,0x4898950737581bd5356a28ca42bf4f9e0cb9de46854c21d35dd410664dd16d41,14,128085,2000000000,256170000000000,38.68416999999317,291.25070800000685,329.934878,true
load-issuance,N100-C4-R3,100,4,3,15,0x27432573419953f7c0406d9733d03eb99ecd53b4d1f26b95b707c3adfdfd29a9,14,128085,2000000000,256170000000000,38.62741700001061,291.2512219999917,329.8786390000023,true
load-issuance,N100-C4-R3,100,4,3,16,0x01212c8340e8c98804c43d4f718a36c9fd96abd835034743aae5e3ca2dd0b585,15,128097,2000000000,256194000000000,41.48524799999723,334.1999780000042,375.6852260000014,true
load-issuance,N100-C4-R3,100,4,3,17,0x5139e5b695c8487958f022dc82535a7bd2ef76491148b5dfbda80683ab0eb9c5,15,128097,2000000000,256194000000000,41.4285940000118,334.1832999999897,375.6118940000015,true
load-issuance,N100-C4-R3,100,4,3,18,0xf75fed9b5f9705b1e1556063fe9018e9657ef29bb27f1b768fea1d61904f77b2,15,128085,2000000000,256170000000000,41.40257299999939,334.1830809999956,375.585653999995,true
load-issuance,N100-C4-R3,100,4,3,19,0x4be1563c193fd17af8d23c9e4e821de951851d21b62abd99899a346c342d10ea,15,128097,2000000000,256194000000000,41.368052000005264,334.1816749999998,375.5497270000051,true
load-issuance,N100-C4-R3,100,4,3,20,0xc1ca287451f8e83a75e3443d7f0a9871118a7783ec6cbd3e5ca0e6268b140b34,16,128097,2000000000,256194000000000,39.380540999991354,292.00181500001054,331.3823560000019,true
load-issuance,N100-C4-R3,100,4,3,21,0x64be21f2ea13055bf2ec490390d103e847521f5f0652ab48c4a5287bb5527c69,16,128085,2000000000,256170000000000,39.317425000001094,291.98379600000044,331.30122100000153,true
load-issuance,N100-C4-R3,100,4,3,22,0x6b44a809af9ca06404c1832a8b35f7c26d55b619e987deffb16a15cdd5f09ac0,16,128097,2000000000,256194000000000,39.41326700001082,291.8629719999881,331.2762389999989,true
load-issuance,N100-C4-R3,100,4,3,23,0xe4c8e78cb6aa476e9a1be6da46c15ed6bc2779608d3e8415a20fba15680f0ad7,16,128097,2000000000,256194000000000,39.377481999996235,291.8605860000098,331.238068000006,true
load-issuance,N100-C4-R3,100,4,3,24,0xb8cd0f6f2711fc150df3bc4f649d599e69ec7e9144bed548513e3e41426e4423,17,128097,2000000000,256194000000000,46.13638500000525,297.76359299999604,343.8999780000013,true
load-issuance,N100-C4-R3,100,4,3,25,0x4cfa1acb61d8801c1d45cef3b4ae1faed5d6b28f5fe1c5dc1b2a73e6def5468a,17,128097,2000000000,256194000000000,46.06750199999078,297.75422600000456,343.82172799999535,true
load-issuance,N100-C4-R3,100,4,3,26,0xa5750c839eaa22d3777bdc6df5aea5e8faac3c2040affc53ab08c2b3e85a9efb,17,128097,2000000000,256194000000000,46.04102000000421,297.7558449999924,343.7968649999966,true
load-issuance,N100-C4-R3,100,4,3,27,0x8faa879afc3adf7c1fbaa8490e61e7d181a2c671d13ad2caa8030abd417eec07,17,128097,2000000000,256194000000000,46.006265999996685,297.7565509999986,343.76281699999527,true
load-issuance,N100-C4-R3,100,4,3,28,0x1127cbe628092d8de3cea2eef378aa12898c248f57cfef1438a2aa3b2d8e1872,18,128097,2000000000,256194000000000,39.39430499999435,337.45859100000234,376.8528959999967,true
load-issuance,N100-C4-R3,100,4,3,29,0x1f45351c8073bdd6484e299ca6dfac6e6790cc38e00fc2d5d1535e0b3e8b2e2b,18,128097,2000000000,256194000000000,39.33107600000221,337.4499710000091,376.7810470000113,true
load-issuance,N100-C4-R3,100,4,3,30,0x2c4220dcdee479cd9d747bf7a90c741c598183b5ffe3a6cf6287981dc11fd25e,18,128073,2000000000,256146000000000,39.30542799999239,337.4508210000058,376.7562489999982,true
load-issuance,N100-C4-R3,100,4,3,31,0x6df339d6ffc1f5332aae122d9a5f17928a45ff13ce0eca2c081f58c2e66a6417,18,128097,2000000000,256194000000000,39.27014800001052,337.45256900000095,376.72271700001147,true
load-issuance,N100-C4-R3,100,4,3,32,0x65fd0e9258e13c683f74c329694e047ff876e6bcc949a4edf830bf7515aca7e5,19,128097,2000000000,256194000000000,40.76661800000875,301.42700499999046,342.1936229999992,true
load-issuance,N100-C4-R3,100,4,3,33,0xbe47fc183b12860b078285f9d092a384434ebac69633f57129f5e18fb1fd9468,19,128097,2000000000,256194000000000,40.56723400000192,301.407686999999,341.9749210000009,true
load-issuance,N100-C4-R3,100,4,3,34,0x6135dda83b56f55472f4ff8c7527f9c08a593558f1c26bb2f67eddcfb5401273,19,128097,2000000000,256194000000000,40.52968900000269,301.40798299999733,341.937672,true
load-issuance,N100-C4-R3,100,4,3,35,0x088255b36dc0535fabb77e61ed15ae74dc0f4edf919f624840823cc3627aa4d3,19,128097,2000000000,256194000000000,40.518407999988995,301.3790350000054,341.8974429999944,true
load-issuance,N100-C4-R3,100,4,3,36,0x9e8f90dbea848a7167bb0bfb1330b8d02276b252b7d95339d7bce967d99e56e8,20,128097,2000000000,256194000000000,38.55162399999972,337.4018960000103,375.95352000001003,true
load-issuance,N100-C4-R3,100,4,3,37,0x8e48726966a013ddcbcb14806217b39e475127163570b2855516688957e98073,20,128097,2000000000,256194000000000,38.37830900000699,337.39823599999363,375.7765450000006,true
load-issuance,N100-C4-R3,100,4,3,38,0xc601027513ec4225d5bb2ecccd765da77b048aa2b5eea9823df21e5218a2fc50,20,128097,2000000000,256194000000000,38.34675799999968,337.4002230000042,375.74698100000387,true
load-issuance,N100-C4-R3,100,4,3,39,0x46d51275d17973ec9de74fab561934a6b567e8b82fa533184f5228ca637b443d,20,128097,2000000000,256194000000000,38.30975099999341,337.4014210000023,375.7111719999957,true
load-issuance,N100-C4-R3,100,4,3,40,0x81f1e8c71a320044a29367acd804b74b51a703db9d6882a42a91d64c44cbd32f,21,128073,2000000000,256146000000000,39.59285000000091,289.3959690000047,328.9888190000056,true
load-issuance,N100-C4-R3,100,4,3,41,0xc188b6fca715c197df0a4ec019a955cf2cc915aeeb9c0e129f425cc2f598432f,21,128097,2000000000,256194000000000,39.40833900000143,289.39292299999215,328.8012619999936,true
load-issuance,N100-C4-R3,100,4,3,42,0x5096dc55e1d6381b88658ce8a505e74fb92f2549910139add372864e291d0a66,21,128097,2000000000,256194000000000,39.37375300000713,289.3938139999955,328.7675670000026,true
load-issuance,N100-C4-R3,100,4,3,43,0x4b02fec93117f0e794a0947c2c682f36eb57eb123c56bef070bc290a9dad1891,21,128097,2000000000,256194000000000,39.333817999999155,289.3942250000109,328.7280430000101,true
load-issuance,N100-C4-R3,100,4,3,44,0xd9324b26aedbb791c4e30e7647064ba4de24a76507be791027949d3307242015,22,128097,2000000000,256194000000000,38.7067900000111,287.59154899998975,326.29833900000085,true
load-issuance,N100-C4-R3,100,4,3,45,0x108ed56633dc666bd82aadb5de00b5d987b7e36a035e14571f0c25706520341c,22,128073,2000000000,256146000000000,38.654825000005076,287.5725380000076,326.2273630000127,true
load-issuance,N100-C4-R3,100,4,3,46,0xbb73db8ae2955d26ffaa16fd5502a48464adfa4e865e99e53cd115d8a1be454d,22,128097,2000000000,256194000000000,38.632723999995505,287.57077999999456,326.20350399999006,true
load-issuance,N100-C4-R3,100,4,3,47,0x477857d3af2367c152577b83d176281f7180c2567e4648705e287f8b22b5452a,22,128097,2000000000,256194000000000,38.599534000008134,287.5714709999884,326.1710049999965,true
load-issuance,N100-C4-R3,100,4,3,48,0xe2d051edc3a963d83dd8165ea04a734941e880ff3e60ab9bf7669930a42c70bb,23,128097,2000000000,256194000000000,38.878879999989294,249.06733299999905,287.94621299998835,true
load-issuance,N100-C4-R3,100,4,3,49,0xd1df49ca5a32d0e04917beb3093466c8971978623d256fa9af7b8f0e0ddada96,23,128097,2000000000,256194000000000,38.59352199999557,249.06223900000623,287.6557610000018,true
load-issuance,N100-C4-R3,100,4,3,50,0x4a0f14bf80ce0fe45bfd15c2f90c899efbade05ac6abfd803c6a8d74565bc6fe,23,128097,2000000000,256194000000000,38.505388999998104,249.06311899999855,287.56850799999665,true
load-issuance,N100-C4-R3,100,4,3,51,0x53fba65b95e0aa46f81c183895c477e39d272715ddaa80679bf1f49c1ab23f28,23,128097,2000000000,256194000000000,38.466179000010015,249.06514599999355,287.53132500000356,true
load-issuance,N100-C4-R3,100,4,3,52,0xb54b946ff721af95e8611728a976f4d0c78b27b40aed94916a36d5c24856d02a,24,128097,2000000000,256194000000000,47.81807900000422,326.19393399999535,374.01201299999957,true
load-issuance,N100-C4-R3,100,4,3,53,0x84708bb420fab69c66f4551c250c475b3cb43c9532c3de80f3e17ae5e8e58399,24,128097,2000000000,256194000000000,47.791909999999916,326.1554610000021,373.947371000002,true
load-issuance,N100-C4-R3,100,4,3,54,0x4bdd4499cc54ae4f9c9378f04cf8cda96b062f32567946315bacbbcbcb07161f,24,128097,2000000000,256194000000000,47.76660499999707,326.15496300000814,373.9215680000052,true
load-issuance,N100-C4-R3,100,4,3,55,0x37b50f6eb81efb4a1ad516c8017ec819ea02faae01f67c8d2b41ba004816db67,24,128085,2000000000,256170000000000,47.73352900000464,326.15658299998904,373.8901119999937,true
load-issuance,N100-C4-R3,100,4,3,56,0xe0f5c9028943d61d23686bf860ed9b0325bb6800be934775e081639db5993429,25,128085,2000000000,256170000000000,39.939798999999766,330.74282200000016,370.6826209999999,true
load-issuance,N100-C4-R3,100,4,3,57,0x78d6b89c58f9101d812e82a263f822dda57f4ce98437583e9cb99af816cce7dd,25,128097,2000000000,256194000000000,39.85988499999803,330.7431420000066,370.60302700000466,true
load-issuance,N100-C4-R3,100,4,3,58,0xbff6b999dc199bfc6763d0859bdaadf27113082fca29cc90c7dcfa56445d1838,25,128097,2000000000,256194000000000,39.83011099998839,330.7583040000027,370.5884149999911,true
load-issuance,N100-C4-R3,100,4,3,59,0x2373fd8c76ed7c1dc0467d20a9d35c3d7e538cdf59fdd1a1047b778b53db78e4,25,128097,2000000000,256194000000000,39.7868499999895,330.76048399999854,370.54733399998804,true
load-issuance,N100-C4-R3,100,4,3,60,0xea4dae24d0dc3a20395123113640d308474d5508da9d206b82672d333ba1f048,26,128085,2000000000,256170000000000,38.708559999999125,282.61902099999133,321.32758099999046,true
load-issuance,N100-C4-R3,100,4,3,61,0xf52c70cc19cf969547f78c3ff27633b4d53d2e204c8fb11661eebb048b9dc508,26,128085,2000000000,256170000000000,38.641044999996666,282.61415199999465,321.2551969999913,true
load-issuance,N100-C4-R3,100,4,3,62,0x888f2fa3f53fcfb4d5ac594e40256012179c8f668e7d33b76c9d5dfa568d9674,26,128097,2000000000,256194000000000,38.613168999989284,282.61585200000263,321.2290209999919,true
load-issuance,N100-C4-R3,100,4,3,63,0x1181d1865dc52b51b7e0eea9472a9ce9c2ed3773ae031163194cbf3cefcc0607,26,128097,2000000000,256194000000000,38.576843000002555,282.6167989999958,321.19364199999836,true
load-issuance,N100-C4-R3,100,4,3,64,0x6c43e279f7178e2aca04039f859095768993e955d3ad1a07ba8957392dade584,27,128085,2000000000,256170000000000,36.8527630000026,336.96584599999187,373.81860899999447,true
load-issuance,N100-C4-R3,100,4,3,65,0xde02a2aff0f64eed1676a09bcbfa77ca7a989e10d8bf8a921ee1530aa5d2d9ff,27,128097,2000000000,256194000000000,36.78406900000118,336.9645899999887,373.74865899998986,true
load-issuance,N100-C4-R3,100,4,3,66,0xc0ae34b0d254441048f28e8a44d0a8b8fd7867bfe9dd6a93a001ab0e64c636a4,27,128097,2000000000,256194000000000,36.75598999999056,336.9665789999999,373.7225689999905,true
load-issuance,N100-C4-R3,100,4,3,67,0xadfe48908bc00dd98f32f302d0baf8a5890aa51ba0ae278f229846d0ebb79a07,27,128085,2000000000,256170000000000,36.72307799999544,336.9671500000113,373.69022800000675,true
load-issuance,N100-C4-R3,100,4,3,68,0xbffc192cbd45d4ab9a182e951505abb63af87d3dc98c095598a2c81f36aa74e5,28,128097,2000000000,256194000000000,37.48710399999982,326.9126039999974,364.3997079999972,true
load-issuance,N100-C4-R3,100,4,3,69,0x3d4afd31f2ba866176627e7ef76c6f96bcfae2961ab95bdeed6418596e78ed52,28,128097,2000000000,256194000000000,37.380543999999645,326.9068189999962,364.2873629999958,true
load-issuance,N100-C4-R3,100,4,3,70,0x7814845832a8e8ffa99eb83ae317733746816d08aeb3d8554dc8eb4858430926,28,128097,2000000000,256194000000000,37.351693999997224,326.9079980000097,364.2596920000069,true
load-issuance,N100-C4-R3,100,4,3,71,0xabc4817aa6cdfb377aa8d48acf9d2c856a7297ac5f74b6c3f20461c5db61446e,28,128085,2000000000,256170000000000,37.31589199999871,326.90867499999877,364.2245669999975,true
load-issuance,N100-C4-R3,100,4,3,72,0x203b48a17c7d68ada1cbb3c1929f794b2cc171abb629e28765351fcfbf239128,29,128097,2000000000,256194000000000,44.387518999996246,304.6657850000047,349.05330400000094,true
load-issuance,N100-C4-R3,100,4,3,73,0x10850ede3b662763377a302526e955ee46c70921983bd05a659ea52abc597075,29,128097,2000000000,256194000000000,44.32200899999589,304.65911799999594,348.98112699999183,true
load-issuance,N100-C4-R3,100,4,3,74,0x0dfa0a6d51f0cec99fb870d5ecd15076323553566688157eff34fe032d478c95,29,128085,2000000000,256170000000000,44.29262100000051,304.66065599999274,348.95327699999325,true
load-issuance,N100-C4-R3,100,4,3,75,0x88722389b308e2a2294081f6220399336549a9fa715ad8b7c2d59fe30181ddde,29,128097,2000000000,256194000000000,44.259487999996054,304.66177099999913,348.9212589999952,true
load-issuance,N100-C4-R3,100,4,3,76,0xea4564b2ecd9a7e28c967205a5642aed57bb17eb6e93ef02fde751a6715784b3,30,128085,2000000000,256170000000000,42.3078749999986,326.2573560000019,368.5652310000005,true
load-issuance,N100-C4-R3,100,4,3,77,0xe8dbb506e6db36b3b9fd0375e6eaefec68d3c8314bd487880e73b27b63a14eec,30,128097,2000000000,256194000000000,42.11543399999209,326.2534510000114,368.3688850000035,true
load-issuance,N100-C4-R3,100,4,3,78,0xf759194eff68410b51cbf4dacfdb41bb1026a5c47691d2c3d6979edca4f7fdd5,30,128085,2000000000,256170000000000,42.0726030000078,326.25461899999937,368.32722200000717,true
load-issuance,N100-C4-R3,100,4,3,79,0x8581ba9e41c748c5d510e6a410b8a20103ae66a66a58871d6e2cdba3762dc276,30,128097,2000000000,256194000000000,42.03657699999167,326.2551530000055,368.2917299999972,true
load-issuance,N100-C4-R3,100,4,3,80,0x98c080097c4411977fd064246d44af0745dfc91040167683f300b36ac28cf132,31,128097,2000000000,256194000000000,39.39420500000415,329.11259699999937,368.5068020000035,true
load-issuance,N100-C4-R3,100,4,3,81,0x991e304d1c82fb113a33d97b64abb0e4e50b86775dfd387c56300a5787e6eb68,31,128097,2000000000,256194000000000,39.304618999987724,329.10787300000084,368.41249199998856,true
load-issuance,N100-C4-R3,100,4,3,82,0x459eea57e0d4a8e645c352826755481bc87607ec856efc7e56789b9ec9fc1327,31,128097,2000000000,256194000000000,39.275127999993856,329.10959300000104,368.3847209999949,true
load-issuance,N100-C4-R3,100,4,3,83,0xe9a0ee173621b694a6c252e22ced558b38d209d8d38cbaf75abfb8829749696a,31,128085,2000000000,256170000000000,39.24119899999641,329.1109859999997,368.3521849999961,true
load-issuance,N100-C4-R3,100,4,3,84,0x9bffa34a1e9a345ffeeba9832a34f8a0c22939d7ba9c050b5bd4f1eb35d3b44c,32,128097,2000000000,256194000000000,40.40747000000556,331.34443099999044,371.751900999996,true
load-issuance,N100-C4-R3,100,4,3,85,0xc390cb60b2a7d0af77b7cb5f246ed3756863433a1712460561bc3f35c337ae41,32,128097,2000000000,256194000000000,39.85439100000076,331.33672099999967,371.19111200000043,true
load-issuance,N100-C4-R3,100,4,3,86,0xdfefcff2e5a311b8e81e2733b816a820f8a07f0517a5b54aae171b904c378715,32,128085,2000000000,256170000000000,39.81298300001072,331.33729699999094,371.15028000000166,true
load-issuance,N100-C4-R3,100,4,3,87,0xd6c030f5867e938f17e58831ad10e0c12fed80458ce99b58e81774a91edc4d88,32,128097,2000000000,256194000000000,39.77102400000149,331.33931300000404,371.11033700000553,true
load-issuance,N100-C4-R3,100,4,3,88,0x54ac767060c29b01550eab8e27218b93156e7d8acba2caf620d2ba9e26a86bfc,33,128085,2000000000,256170000000000,38.2046740000078,289.8211259999953,328.0258000000031,true
load-issuance,N100-C4-R3,100,4,3,89,0x4401142ce1b2973df6c975f912fad4d0bf17c5961b40a1578663c461dc8faa98,33,128097,2000000000,256194000000000,38.134726000003866,289.81631099998776,327.95103699999163,true
load-issuance,N100-C4-R3,100,4,3,90,0xbcd78b9ef8dd4fd257e38dbe77e8e5072cf013babde1d847a610a96a2279cdcf,33,128097,2000000000,256194000000000,38.10810899999342,289.8174650000001,327.9255739999935,true
load-issuance,N100-C4-R3,100,4,3,91,0x32b0164b099f651e02b02a060d5d223b704395809f1a762ada32ab880099e5dc,33,128097,2000000000,256194000000000,38.064071000000695,289.8183810000046,327.8824520000053,true
load-issuance,N100-C4-R3,100,4,3,92,0x525b196c8f9f60619eb83447f310ce09dc5176379cce2b8b482957ab27bee567,34,128097,2000000000,256194000000000,37.505664000011166,284.8362199999974,322.3418840000086,true
load-issuance,N100-C4-R3,100,4,3,93,0x9521bc998b35709803873083cc4d60eba56a030a7ab1c398c1d5a29a5d22e7cd,34,128097,2000000000,256194000000000,37.51201999999466,284.7647680000082,322.27678800000285,true
load-issuance,N100-C4-R3,100,4,3,94,0xc41a769b86cb8e8399281e8a46b0c6c4cc60e6e287ebf021db75fb233a29de29,34,128097,2000000000,256194000000000,37.48215199999686,284.7647369999904,322.2468889999873,true
load-issuance,N100-C4-R3,100,4,3,95,0xe4a56d73166dfc7cc76c174ba20b3f0e787f2b4195739dbe01f1892e27d68066,34,128085,2000000000,256170000000000,37.44910399999935,284.7657499999914,322.21485399999074,true
load-issuance,N100-C4-R3,100,4,3,96,0x9fcd99ddf9fb62b6b1fc1b94865ab719c0c6693a639ecbb49bf564e895177dea,35,128097,2000000000,256194000000000,37.57858000000124,288.661546000003,326.24012600000424,true
load-issuance,N100-C4-R3,100,4,3,97,0x493624fa9a9eaa33943dfea2b391310918e866296410d6b1992b23156e39c95f,35,128085,2000000000,256170000000000,37.512435000011465,288.65958199999295,326.1720170000044,true
load-issuance,N100-C4-R3,100,4,3,98,0x0644fef3379746fcddf59b4aaac5e8ef7a1820c44599c89186c2227692b3674d,35,128097,2000000000,256194000000000,37.4849830000021,288.66033899999456,326.14532199999667,true
load-issuance,N100-C4-R3,100,4,3,99,0xa3ba8501fc50f8b26ff817cd63beac2e5bfd6342d7633a614e4412f7d82c9756,35,128097,2000000000,256194000000000,37.45131100001163,288.6609669999889,326.1122780000005,true
student-registration,N100-C1-R1,,,,,0x9b6d49eef93e9932275531687826d524045a6e13b5f26802b0e8a9eb50b43170,2,69996,2000000000,139992000000000,64.19541899999604,158.58563099999446,222.7810499999905,true
university-registration,N100-C1-R1,,,,,0x2cc952f4a87b049fe255a9b5dd82c8d06bb038c52df9e9a3282d711308241498,3,116117,2000000000,232234000000000,63.70751200000814,200.2420920000004,263.94960400000855,true
approval,N100-C1-R1,,,,,0x7de83148f36aff846a0fb0c70abc256b33e61e34f8a1589b23feebb11972476a,4,29108,2000000000,58216000000000,69.19736399999238,203.65212700000848,272.84949100000085,true
load-issuance,N100-C1-R1,100,1,1,0,0x022c6cc18b6156f5fcc443decce288782e6b6799d49b65c7dc2667f5902d2dcd,5,145185,2000000000,290370000000000,35.43717600000673,168.0235049999901,203.46068099999684,true
load-issuance,N100-C1-R1,100,1,1,1,0x0b826edad35b52bdbc608d7ffc86d52786aba4c25978dec3200a9aec191cff89,6,128097,2000000000,256194000000000,33.833620000004885,200.88706599999568,234.72068600000057,true
load-issuance,N100-C1-R1,100,1,1,2,0x03d10a20ea87999e313a413c0d85089825d4a6067dd76827a99a67c788c803b5,7,128097,2000000000,256194000000000,35.001923000003444,284.16388000000734,319.1658030000108,true
load-issuance,N100-C1-R1,100,1,1,3,0x39f293383eadf8dd52388dfee771d0c2316cb664f98a879ee548a874f563b451,8,128097,2000000000,256194000000000,34.87376899999799,251.91784399999597,286.79161299999396,true
load-issuance,N100-C1-R1,100,1,1,4,0xec7936a7c20f9a394ed432cf9a31fa3a4baed61425657e95336f96cf021860ca,9,128085,2000000000,256170000000000,36.39412000001175,241.7532649999921,278.14738500000385,true
load-issuance,N100-C1-R1,100,1,1,5,0xe62290c023e08d942a6bad26f4db20313c2cab21a3c897986d59f442f490b671,10,128097,2000000000,256194000000000,34.83104000000458,200.00994699999865,234.84098700000322,true
load-issuance,N100-C1-R1,100,1,1,6,0x51e35bdd3a5bc6c15c31ae304c7d52eac3bdb50c00f13e74f215ab48647d627e,11,128085,2000000000,256170000000000,34.92497900000308,255.76029000000563,290.6852690000087,true
load-issuance,N100-C1-R1,100,1,1,7,0xcb9717730ea7da40743dcda7eb7f738e44036c4535305e61628cac3b3b9981b2,12,128097,2000000000,256194000000000,34.52813899998728,242.14229500001238,276.67043399999966,true
load-issuance,N100-C1-R1,100,1,1,8,0xf7b54c9e6b52ba60489292fa072b3f07089ca7d869e349fa229c58ace0fe02b1,13,128097,2000000000,256194000000000,43.563827999998466,258.71076000000176,302.2745880000002,true
load-issuance,N100-C1-R1,100,1,1,9,0x76114d3492d228b9221873fe499710b405b3635fc3b691b9c7c5387bb3dde360,14,128097,2000000000,256194000000000,42.483399999997346,201.25780799999484,243.74120799999218,true
load-issuance,N100-C1-R1,100,1,1,10,0xd515ca323318436c83b1047a6525ce8221eb4057b7e4f71ebdf6d36113bb1033,15,128097,2000000000,256194000000000,35.78201200001058,251.3763559999934,287.158368000004,true
load-issuance,N100-C1-R1,100,1,1,11,0xefdd4854e37b187bcbdf5132643b0ddfbbc361dcc93889824d084f1222ae8e4f,16,128097,2000000000,256194000000000,39.26660099999572,249.47794900000736,288.7445500000031,true
load-issuance,N100-C1-R1,100,1,1,12,0xe524c14e212ec3384f262a7681cdbb089718d042f86cb4031cf543f695d3a445,17,128097,2000000000,256194000000000,42.843083999992814,204.2476020000031,247.0906859999959,true
load-issuance,N100-C1-R1,100,1,1,13,0x130db42bd10e9310e520a4f404b0493062a268d4c57e6dc0ee0fc1abab4821d1,18,128097,2000000000,256194000000000,41.26676199999929,242.58116299999529,283.8479249999946,true
load-issuance,N100-C1-R1,100,1,1,14,0x95850682b220ddddf40190bb1369c585b0514017e3afa0b4e1edcc38b84ab372,19,128097,2000000000,256194000000000,34.80833500000881,248.32901200000197,283.1373470000108,true
load-issuance,N100-C1-R1,100,1,1,15,0x5a5608a1c561c48c25721660bed90745b344627b6af70bb32c5a6842aaa8161e,20,128097,2000000000,256194000000000,37.23613099999784,249.93428800000402,287.17041900000186,true
load-issuance,N100-C1-R1,100,1,1,16,0x5a6dcc5c056fb805b5164753dc319416e6c0a0e7f9a454142f0148670d36a6ba,21,128097,2000000000,256194000000000,41.87726900000416,205.99947199999588,247.87674100000004,true
load-issuance,N100-C1-R1,100,1,1,17,0x1d12a70c1f5c193a5174a7669acb9dc7c884c577e33f409a2f9de8248db7989d,22,128097,2000000000,256194000000000,35.22943700000178,250.53393200000573,285.7633690000075,true
load-issuance,N100-C1-R1,100,1,1,18,0xeac92f7935f0b33d1ada875a937496ba1205e38a10f96e710c259d2432a6d93f,23,128097,2000000000,256194000000000,35.40839799999958,255.66943799999717,291.07783599999675,true
load-issuance,N100-C1-R1,100,1,1,19,0xbb7d48a4e636a61d03b9b9a8882a386583dd5a5846a3396f41095173a4d34243,24,128097,2000000000,256194000000000,35.66797499998938,261.48787000001175,297.15584500000114,true
load-issuance,N100-C1-R1,100,1,1,20,0xb3524f68d47c0d819d5217981c931cacd27da15ee444f0f10c2a7bd01045b438,25,128085,2000000000,256170000000000,38.36804899999697,200.69316400001117,239.06121300000814,true
load-issuance,N100-C1-R1,100,1,1,21,0x237211bde81645f1177f2ed4a26548b94099c3c002b0ce264ccc70c44100b47e,26,128097,2000000000,256194000000000,39.30771499998809,246.8507110000064,286.1584259999945,true
load-issuance,N100-C1-R1,100,1,1,22,0x312e22511ab9e589d2ee5cd8a38dfb5767f8f311c6ba88ca7a39a7785cbefea5,27,128097,2000000000,256194000000000,36.14588899999217,243.6533000000054,279.79918899999757,true
load-issuance,N100-C1-R1,100,1,1,23,0x42f49a48b82161365fa29340004ef83bb2e8c696b1eccf8ccdd79894494aa2ab,28,128097,2000000000,256194000000000,36.029641999994055,253.97418400000606,290.0038260000001,true
load-issuance,N100-C1-R1,100,1,1,24,0x1128a5d6eb409ad97fefc4faa6f38ae1be80d19736431228d325c7673da8f3e8,29,128085,2000000000,256170000000000,38.825639999995474,243.72955899999943,282.5551989999949,true
load-issuance,N100-C1-R1,100,1,1,25,0x8e30040bc6646ab0ed3f809f587a7ffdce7e130cff52a637d7aa63fc17a1b165,30,128085,2000000000,256170000000000,36.15203300000576,240.68570099999488,276.83773400000064,true
load-issuance,N100-C1-R1,100,1,1,26,0x35f9c6822e0ac2b14d0c1a0fa90a9be097ac22cc3525c04e80a6159a16fff94b,31,128085,2000000000,256170000000000,34.67201800001203,200.1865770000004,234.85859500001243,true
load-issuance,N100-C1-R1,100,1,1,27,0xbe7caef33fb76067b5f909cb702b9b015c7c5a005fe4a86086a95a04fb836573,32,128097,2000000000,256194000000000,35.97695300000487,245.06242699999711,281.039380000002,true
load-issuance,N100-C1-R1,100,1,1,28,0xdbb1a9d15f5a11df40d7bde94647afbc5f77c3d8d49f8d925ba01ca6b2ae8148,33,128097,2000000000,256194000000000,40.27793100000417,244.6414400000067,284.91937100001087,true
load-issuance,N100-C1-R1,100,1,1,29,0x8a4fb5fcef6d38fbece5cc35533736db511cd39a8ea7a745e9a551c17985a8b9,34,128097,2000000000,256194000000000,35.89045600000827,242.61097100000188,278.50142700001015,true
load-issuance,N100-C1-R1,100,1,1,30,0x994701f8a6ea2031d7a0835a3a1c07e1c25ff058e62d6aa3f522c6662a348e6f,35,128097,2000000000,256194000000000,37.85460500000045,243.6503010000015,281.50490600000194,true
load-issuance,N100-C1-R1,100,1,1,31,0xcd26a99a03cb60901e7a9782685480457ddabd3f35f90ed35453bb5533e65ba2,36,128097,2000000000,256194000000000,36.65452199999709,252.16618200000084,288.82070399999793,true
load-issuance,N100-C1-R1,100,1,1,32,0xd5b9177ec53983fc4e0b3593646916c35729bcb9d913ae07dfb14c7ab1dffa81,37,128085,2000000000,256170000000000,42.42199799999071,244.02927300000738,286.4512709999981,true
load-issuance,N100-C1-R1,100,1,1,33,0x173a5502f576905e32a142123fe1d76816c4e4a0d80aaadc8b97a4e5caea132f,38,128097,2000000000,256194000000000,36.444896999993944,248.32749599999806,284.772392999992,true
load-issuance,N100-C1-R1,100,1,1,34,0x7a1075fe8dcfe30e3b21a46ba3416a7f355838ecffb7dbcef1895b4b811539f0,39,128085,2000000000,256170000000000,57.76257200000691,205.80009099999734,263.56266300000425,true
load-issuance,N100-C1-R1,100,1,1,35,0xc70974f74293ed0c549b185cf97b4ffb69bdd89997f5fc162fbd4e78df81e6c7,40,128097,2000000000,256194000000000,36.00497799999721,201.6881379999977,237.69311599999492,true
load-issuance,N100-C1-R1,100,1,1,36,0x2cc12caaf4fc8f234dc94d53240a6f26b980a87b37b41ea21d14ca4d16b46709,41,128085,2000000000,256170000000000,45.79906699999992,253.89102700000512,299.69009400000505,true
load-issuance,N100-C1-R1,100,1,1,37,0xa5994f773f322a93c979523f3f6b895efa1220ce9fd5536affc955e1de38636b,42,128097,2000000000,256194000000000,36.027688000001945,262.43862799998897,298.4663159999909,true
load-issuance,N100-C1-R1,100,1,1,38,0xcbd4da71ee6f5b8e72615324d0f145288327a1768edcae606aed7325875f6173,43,128097,2000000000,256194000000000,41.334456000011414,209.6091299999971,250.9435860000085,true
load-issuance,N100-C1-R1,100,1,1,39,0x776362cf2b74c1198e487aa96058aa68a42ba8f8816041d085264eacc9a47d22,44,128097,2000000000,256194000000000,37.67262499999197,245.91847899999993,283.5911039999919,true
load-issuance,N100-C1-R1,100,1,1,40,0x6e4756faeacd5afc27c842941bbbf6f5996c89418ddb4401a5ac59e84a68fc48,45,128085,2000000000,256170000000000,37.89535600000818,245.7295279999962,283.6248840000044,true
load-issuance,N100-C1-R1,100,1,1,41,0x54f4359eb5473cd4c71d5d96c1801ec71a5ec9bfdec082157e4d99680ce8ee6f,46,128097,2000000000,256194000000000,36.580492999986745,243.9155940000055,280.49608699999226,true
load-issuance,N100-C1-R1,100,1,1,42,0x2e43a5e680bcb885ccc6a9023c92b8a902517cfbbabc84e9b49a6a3b9b3d881b,47,128097,2000000000,256194000000000,37.147970999998506,204.85586100000364,242.00383200000215,true
load-issuance,N100-C1-R1,100,1,1,43,0xceae4d4b93b1f3d60ff768fd64ba2bda8d0d3b2377bac4a398ebdbb5f76d7ef1,48,128085,2000000000,256170000000000,37.4636390000087,246.55935299998964,284.02299199999834,true
load-issuance,N100-C1-R1,100,1,1,44,0x3ad8c9d47b2bb4700a164d606d0ea3e19a9acff2beec4191eae2b5797f43e64a,49,128097,2000000000,256194000000000,39.757050999993226,250.0961990000069,289.8532500000001,true
load-issuance,N100-C1-R1,100,1,1,45,0x7fbb53c4c0334be4c84b910d5765efb59b1dc37ea06c018a665bb88aba02425f,50,128097,2000000000,256194000000000,36.02195200001006,245.00344799998857,281.0253999999986,true
load-issuance,N100-C1-R1,100,1,1,46,0x601b68bb430a220909ae81f25cf4bbdfa3e7e52119479c43bc32859cbe9fb0d4,51,128097,2000000000,256194000000000,37.76403800000844,214.00398199999472,251.76802000000316,true
load-issuance,N100-C1-R1,100,1,1,47,0x58b77fe1f635986e4aaaaa48e496b93967aaaffaf24568b0d757ca490dfdee0c,52,128097,2000000000,256194000000000,35.42315199998848,243.7815980000014,279.2047499999899,true
load-issuance,N100-C1-R1,100,1,1,48,0x255e0f55c8716079fffce5116212d5ec051737dc597207d76c713eef60e8c32f,53,128097,2000000000,256194000000000,39.05135700000392,243.38604399999895,282.43740100000286,true
load-issuance,N100-C1-R1,100,1,1,49,0x3ac879edea066ef46d60c2ff110b89d00c81d94cc693e26e517e6636756c79d9,54,128097,2000000000,256194000000000,36.97141700000793,199.993266999998,236.96468400000595,true
load-issuance,N100-C1-R1,100,1,1,50,0x47a8efc5718e0f2f46ddf6b175044229f6efb255d6d9496e7762fd901d53e234,55,128097,2000000000,256194000000000,35.00339100000565,285.4391919999907,320.4425829999964,true
load-issuance,N100-C1-R1,100,1,1,51,0xb243df3d6a2ded5241e8e24c24761028be42b35eb614624932072473c62e109a,56,128097,2000000000,256194000000000,35.50315699999919,249.98170899999968,285.4848659999989,true
load-issuance,N100-C1-R1,100,1,1,52,0xd2878632497972a571cdfd7487448d6f77853dfe11e2d691a5f12f448a606846,57,128097,2000000000,256194000000000,37.67766899999697,252.7274999999936,290.40516899999056,true
load-issuance,N100-C1-R1,100,1,1,53,0x29ebf4c4a188819d8d9fe043bf85980f91fe0243b26abb2c75dadae850f25bf2,58,128097,2000000000,256194000000000,35.70184999999765,248.96145999999135,284.663309999989,true
load-issuance,N100-C1-R1,100,1,1,54,0x55e7758318c8983bd8f4ffc4d40423c134a5c801b5dc1c0508fc012a0dab0028,59,128097,2000000000,256194000000000,36.25000299999374,202.01812900000368,238.26813199999742,true
load-issuance,N100-C1-R1,100,1,1,55,0xac3cf4545a136bdd11e8e580b322f15cd7a3bca0c8b2b93c94c42183fbc009f9,60,128097,2000000000,256194000000000,38.012495999995735,286.8687540000101,324.8812500000058,true
load-issuance,N100-C1-R1,100,1,1,56,0x9d3e65986347a144b08a56fdf20e18f5f7c80d11c8279fdf72008ab97f5b1cbd,61,128097,2000000000,256194000000000,36.220438999996986,202.7089149999956,238.9293539999926,true
load-issuance,N100-C1-R1,100,1,1,57,0x042a8fb8badd31efe2cb8c57f24894ffcf07b49364b732c878d77b2700db6cbf,62,128097,2000000000,256194000000000,36.61835200000496,243.76247799998964,280.3808299999946,true
load-issuance,N100-C1-R1,100,1,1,58,0x4b8f377c3b24a3e6c9a05c7579a22d4e63ee8a040860a3fe6f198b4c2e048870,63,128073,2000000000,256146000000000,35.32489499999792,245.19688000000315,280.52177500000107,true
load-issuance,N100-C1-R1,100,1,1,59,0x3f0bc80605a665f3af01d06631a24fca3357a1dfeae54040a35577211a23300a,64,128097,2000000000,256194000000000,36.36499800000456,250.92717399999674,287.2921720000013,true
load-issuance,N100-C1-R1,100,1,1,60,0x6e2cb0de2c40e0eb6966de23c2d97b14d890ef28a667d04c996610981ce4b826,65,128097,2000000000,256194000000000,43.52433700000984,244.56790999999794,288.0922470000078,true
load-issuance,N100-C1-R1,100,1,1,61,0x56a4c6f977a83c462e258701a0380398b20fcb11c59b586bbae7a5e8a8c569e1,66,128097,2000000000,256194000000000,35.27409999999509,200.88241800000833,236.15651800000342,true
load-issuance,N100-C1-R1,100,1,1,62,0xe4762c9e8838318c4b9e40a47c951d7b62a18b6b60b8a2d530944e54c1cc669a,67,128097,2000000000,256194000000000,36.058783999993466,240.93100900000718,276.98979300000065,true
load-issuance,N100-C1-R1,100,1,1,63,0xf4a0ec299763bb41a211782018875e69547a1d52086243e0c640283ed2a40235,68,128085,2000000000,256170000000000,36.61649000000034,246.78708500000357,283.4035750000039,true
load-issuance,N100-C1-R1,100,1,1,64,0x87e03c53656c528d3125dbc4d6ddb45f3bd7c70e52f26d32b3eeb78556515f2d,69,128097,2000000000,256194000000000,37.51494000000821,248.01379299999098,285.5287329999992,true
load-issuance,N100-C1-R1,100,1,1,65,0x74b8c0745ecb0227f29aef896b4c8ccab88f2bb13ddd23786b0171358a4c8600,70,128097,2000000000,256194000000000,39.868121000006795,207.96486100000038,247.83298200000718,true
load-issuance,N100-C1-R1,100,1,1,66,0x0a55f14aad6167cfe592e31be84f87d24224adcdcd1f59e7401761f51b4b3d5e,71,128097,2000000000,256194000000000,37.30182100000093,254.41489400000137,291.7167150000023,true
load-issuance,N100-C1-R1,100,1,1,67,0xc2f196bc8045c843f16a43bf2822aef778f60b9e33409256e4fc1a8c9d8ddf17,72,128097,2000000000,256194000000000,54.53441700000258,201.70701800000097,256.24143500000355,true
load-issuance,N100-C1-R1,100,1,1,68,0x09689a7b62955f2472f67cc4da8623f0651442802b4522015bc30f92fc80af8f,73,128097,2000000000,256194000000000,37.52379999999539,241.99361299999873,279.5174129999941,true
load-issuance,N100-C1-R1,100,1,1,69,0x420a3919c2f8204c6e34762234ef40523630b373f77f396a6d84e64279d03ea3,74,128097,2000000000,256194000000000,35.76084499999706,206.36985000000277,242.13069499999983,true
load-issuance,N100-C1-R1,100,1,1,70,0xaf222e4c25cc7170867f55cfc03e2efdeb30d93bec2f41d97171e6024743e4ff,75,128085,2000000000,256170000000000,35.669607999996515,244.1090220000042,279.7786300000007,true
load-issuance,N100-C1-R1,100,1,1,71,0xdaf5f18463266ddbfc2a4529ea5564da5aee5e89ab87aaff1b7c37a9d3997c9e,76,128085,2000000000,256170000000000,36.008006999996724,242.02379900000233,278.03180599999905,true
load-issuance,N100-C1-R1,100,1,1,72,0x5835cbb0a935715f4e27d36d5e54ae778d248476ddd83b8e932301d6dc099f72,77,128097,2000000000,256194000000000,37.901410999998916,201.43111799999315,239.33252899999206,true
load-issuance,N100-C1-R1,100,1,1,73,0xce5fb311ae82a651c55fc9e79a090f897a55c30868c93d49c224da407cc727e4,78,128097,2000000000,256194000000000,34.36946299999545,242.6819109999924,277.05137399998785,true
load-issuance,N100-C1-R1,100,1,1,74,0xda4f90c3241915538dfe9292caf1d155e93490a7f72e09c69464ca23073060a8,79,128097,2000000000,256194000000000,36.28246099999524,249.97998600000574,286.262447000001,true
load-issuance,N100-C1-R1,100,1,1,75,0x02a89cab32920c0b3ad6c9119f27ffd5b1e63c442b6370850f5b232b42478560,80,128097,2000000000,256194000000000,38.82576100000006,245.53359799999453,284.3593589999946,true
load-issuance,N100-C1-R1,100,1,1,76,0x5c52816b15744e6aa3630a120e026ed23dc3575a5670ea5fff8876f5e632ada1,81,128097,2000000000,256194000000000,38.285522000005585,204.45632899999327,242.74185099999886,true
load-issuance,N100-C1-R1,100,1,1,77,0x6fb0e678b4dff2b045b7c7d81e55cc1b1bc46868f39476fe8fdeb3ae7ffd72e7,82,128097,2000000000,256194000000000,36.1757959999959,253.40701100000297,289.58280699999887,true
load-issuance,N100-C1-R1,100,1,1,78,0x09df6b278ff9cbcb5e9ec3d0a25f1e15d7a8340d4de841e9ee131c40937aa23d,83,128097,2000000000,256194000000000,36.7168559999991,242.9880059999996,279.7048619999987,true
load-issuance,N100-C1-R1,100,1,1,79,0x872aff18a880b3d7a7a6b20f2bfefc3217587c6b3ad3e79983ca9c4d62867244,84,128097,2000000000,256194000000000,38.369416000001365,204.5273040000029,242.89672000000428,true
load-issuance,N100-C1-R1,100,1,1,80,0xef0e76f3e33014c748338c5ccae025b5a61a2595cfdf2dc2cdb30543d4113673,85,128097,2000000000,256194000000000,36.58824200001254,246.17862599999353,282.76686800000607,true
load-issuance,N100-C1-R1,100,1,1,81,0x70e01863f67f4162ec3530868da836c8c6badea3354f9240047d2f5b8e059771,86,128085,2000000000,256170000000000,35.0076790000021,245.5478379999986,280.5555170000007,true
load-issuance,N100-C1-R1,100,1,1,82,0x1eddc3048c739ff9d6c048c86ccb87dc6d9afd7303bfa85f04f86bb3ada55dcb,87,128097,2000000000,256194000000000,35.86095699999714,199.91933400000562,235.78029100000276,true
load-issuance,N100-C1-R1,100,1,1,83,0x277260173d0564a09b1000df6bf5c88535993e1503639de83d402ea81590d421,88,128073,2000000000,256146000000000,38.14618100000371,249.43799500000023,287.58417600000394,true
load-issuance,N100-C1-R1,100,1,1,84,0x20126ef8f90e0ead96eb04a17183d4dae96ffcc196ca9bf436ef5488b181cace,89,128085,2000000000,256170000000000,39.07362700000522,250.02552900000592,289.09915600001113,true
load-issuance,N100-C1-R1,100,1,1,85,0x864b81c8fff5170e43efd5ca45da15796c7f8606146b60a2c79e0ddaaa3a6305,90,128097,2000000000,256194000000000,36.36865200000466,246.39957399999548,282.76822600000014,true
load-issuance,N100-C1-R1,100,1,1,86,0x8277d6bc0cac305d4b5e953e364f92c3c389bf03d738ea69dd9afa9c9071c626,91,128097,2000000000,256194000000000,37.06520699999237,244.9517210000049,282.0169279999973,true
load-issuance,N100-C1-R1,100,1,1,87,0xc421964d4b60abdef7612e573104167cb9dd96a2821ca0d280786fe37e0caed6,92,128085,2000000000,256170000000000,35.356288000009954,244.46126399999775,279.8175520000077,true
load-issuance,N100-C1-R1,100,1,1,88,0x2ba0a17834d1d2bfac564ea4d8ea76342021d2ac389c147cfdc31875418931df,93,128085,2000000000,256170000000000,36.697362999999314,251.14019700000063,287.83755999999994,true
load-issuance,N100-C1-R1,100,1,1,89,0xe0ea4874b1c5a2745f0b0cec942df7718942f9b6a74ab249399135511552721c,94,128085,2000000000,256170000000000,36.59646899999643,243.60783900000388,280.2043080000003,true
load-issuance,N100-C1-R1,100,1,1,90,0x3519bf7e7a6f47d7cd3f40e4b20161825cb182b865dad819f851bd46b5f70821,95,128097,2000000000,256194000000000,43.40305100000114,212.99588900001254,256.3989400000137,true
load-issuance,N100-C1-R1,100,1,1,91,0xe4c37f368dcf62e4f02a6bf080f44229762d4b74c7e4d44b169ab702a38ed08f,96,128085,2000000000,256170000000000,42.0596979999973,203.86995700000261,245.9296549999999,true
load-issuance,N100-C1-R1,100,1,1,92,0xce131aeb35a1f3b1a1e63cd29cb9199ac63610bd562fdcaa62d46f425f8a093d,97,128085,2000000000,256170000000000,35.11411199999566,287.23644900000363,322.3505609999993,true
load-issuance,N100-C1-R1,100,1,1,93,0x5166f6e650ecf0bb4cad5f6630b1f6d09dba030619aa3da13d99ab00b8843f31,98,128097,2000000000,256194000000000,37.546283999996376,201.9830409999995,239.52932499999588,true
load-issuance,N100-C1-R1,100,1,1,94,0x696965009ddd601ff01ff0de198b0353958bf81d641d474c232318d9bc911856,99,128097,2000000000,256194000000000,34.89787200000137,251.16229699998803,286.0601689999894,true
load-issuance,N100-C1-R1,100,1,1,95,0xba62d2a468fa99b856790729279494fe9f86df34eedf08d09df80efe12920862,100,128097,2000000000,256194000000000,35.44676999999501,200.21798800000397,235.66475799999898,true
load-issuance,N100-C1-R1,100,1,1,96,0x73078cffc6934332459a83963e2b1b0b0a8ccbc1fcb5258825bd2855639f1265,101,128097,2000000000,256194000000000,36.347927000009804,255.0525229999912,291.400450000001,true
load-issuance,N100-C1-R1,100,1,1,97,0xc3a1622d968be7e2444e9623a67d3b41b504c335bfea8f8aea9f3070d034157f,102,128097,2000000000,256194000000000,34.039483999993536,241.9864460000099,276.0259300000034,true
load-issuance,N100-C1-R1,100,1,1,98,0x0b637bb2d1f9b81653655b98335643808933a6aa07fda7c34460846963194c8f,103,128097,2000000000,256194000000000,41.797567000001436,200.52998500000103,242.32755200000247,true
load-issuance,N100-C1-R1,100,1,1,99,0xeee717c4d0a76440ba55bd7315177becd93916caebb206b1ad65bb64565b7570,104,128097,2000000000,256194000000000,35.26797099999385,283.5036570000084,318.77162800000224,true
student-registration,N100-C1-R2,,,,,0xd2e0b8e91f9e9e3c3c30d7a49784c2c7c1d3e45975fa3dbc2146dd084434698d,2,69996,2000000000,139992000000000,61.00801700000011,201.36794900000677,262.3759660000069,true
university-registration,N100-C1-R2,,,,,0x2cc952f4a87b049fe255a9b5dd82c8d06bb038c52df9e9a3282d711308241498,3,116117,2000000000,232234000000000,78.67299300000013,212.34703399999125,291.0200269999914,true
approval,N100-C1-R2,,,,,0x7de83148f36aff846a0fb0c70abc256b33e61e34f8a1589b23feebb11972476a,4,29108,2000000000,58216000000000,58.562065999998595,158.96304899999814,217.52511499999673,true
load-issuance,N100-C1-R2,100,1,2,0,0xc79806f4ff047eb130ccd7ac66a992bf0801901cf558644359051bd6ee9d3e3e,5,145197,2000000000,290394000000000,35.01555900000676,199.01518699999724,234.030746000004,true
load-issuance,N100-C1-R2,100,1,2,1,0x20ad216265b049a99e8d59e60cd2ebbc00f1882430dec2ace9513906e6219f7f,6,128097,2000000000,256194000000000,34.32291200000327,245.14145999999892,279.4643720000022,true
load-issuance,N100-C1-R2,100,1,2,2,0x1d1677bb82d1c182868b1846f0976ae8090b371ca8b4f6aa51501c67783c78a6,7,128085,2000000000,256170000000000,34.62209200000507,240.87158900000213,275.4936810000072,true
load-issuance,N100-C1-R2,100,1,2,3,0x95b45e84ea5a325f33e23cfcf7d68e86646e80765ee20bf4f250d205c5c3d48a,8,128085,2000000000,256170000000000,36.32948200000101,243.13218999998935,279.46167199999036,true
load-issuance,N100-C1-R2,100,1,2,4,0x0bb39b860a58add24bb12e10933f741240a0e006302d375b641c8a27acd19e7f,9,128085,2000000000,256170000000000,35.37383100000443,244.53586599999107,279.9096969999955,true
load-issuance,N100-C1-R2,100,1,2,5,0xb3e6031659f93c4cfd17439ad9f91bf902735051fdc1ca9eee4cd421a22cf618,10,128085,2000000000,256170000000000,34.88161900000705,249.0334259999945,283.91504500000156,true
load-issuance,N100-C1-R2,100,1,2,6,0xefa991e6d04c30afe6141df4e311999fc4c4a67ab36e2a62629abe00467a42cc,11,128085,2000000000,256170000000000,40.13795000000391,205.30396199999086,245.44191199999477,true
load-issuance,N100-C1-R2,100,1,2,7,0x6c74163e2ef17f4e4a3c841a05ce2f14a1e51f69fb552ba7f9077196791906db,12,128097,2000000000,256194000000000,35.48753399999987,242.77686399999948,278.26439799999935,true
load-issuance,N100-C1-R2,100,1,2,8,0xc6a78261a4380a83fc4ca5a1d53bba363be8955a8c23e7bf4e39c383d094f4ad,13,128097,2000000000,256194000000000,45.63961699999345,242.35921000000963,287.9988270000031,true
load-issuance,N100-C1-R2,100,1,2,9,0x42c2db9cab0b1dbe475fe8cad4d2b28673e74e43aa3cf8f8ed8d7fb5cdd64901,14,128097,2000000000,256194000000000,35.309983999992255,206.55453399999533,241.86451799998758,true
load-issuance,N100-C1-R2,100,1,2,10,0x09c646d8c27f11bb61c895a0041ed97e262f77f98e90d529b2578c7d51164e53,15,128097,2000000000,256194000000000,38.57830599999579,293.5896000000066,332.1679060000024,true
load-issuance,N100-C1-R2,100,1,2,11,0x54175fb2e8ac1ad049714a7e5118bc28a5506d10a1a14cadf2431b5b5d78b20a,16,128097,2000000000,256194000000000,35.56892800000787,201.5879949999944,237.15692300000228,true
load-issuance,N100-C1-R2,100,1,2,12,0x845e47d1e842448d0287d4f8774cc259054bc299ee5346423eeeb4b93c117d71,17,128097,2000000000,256194000000000,33.37574800000584,252.12602500000503,285.50177300001087,true
load-issuance,N100-C1-R2,100,1,2,13,0xbb865e011ce5d3cc447a2a616e8d44d183b37e37b1d5173b7cba6fddcbbbbd99,18,128085,2000000000,256170000000000,36.15975599999365,243.97763900000427,280.1373949999979,true
load-issuance,N100-C1-R2,100,1,2,14,0x3fb81111215f5f1a8faf58d4c7dac01adef877e071e78bcbf8ae4978e9fb3791,19,128097,2000000000,256194000000000,39.650674000004074,200.74779500000295,240.39846900000703,true
load-issuance,N100-C1-R2,100,1,2,15,0x05951c76d860f9b64a76d8e90fd3b16dc436c6a3fd962f54680699f27358c51f,20,128097,2000000000,256194000000000,37.33108099999663,254.2257649999956,291.5568459999922,true
load-issuance,N100-C1-R2,100,1,2,16,0x2847882bc15e20fbdfbbba4a9343c16de36ad87a8e6dfeb3af1939d4132966ea,21,128085,2000000000,256170000000000,36.242691000006744,245.35067100000742,281.59336200001417,true
load-issuance,N100-C1-R2,100,1,2,17,0xdcfb895f1ffe97c85a2a070f9b6b1065083014e83080ef6787ab32a6860dd73a,22,128097,2000000000,256194000000000,35.79968199999712,247.8809739999997,283.6806559999968,true
load-issuance,N100-C1-R2,100,1,2,18,0x7dd9fce6222d2ad67c8cac0c5249e73e9dcf4c712714a85be0037219db79bd8c,23,128085,2000000000,256170000000000,40.41703700000653,294.2030899999954,334.62012700000196,true
load-issuance,N100-C1-R2,100,1,2,19,0x31baee9ec945a472110f55f11f4feb9b94a079bcd38286d06f0ad1e14428614d,24,128073,2000000000,256146000000000,39.240898000003654,201.87024299999757,241.11114100000123,true
load-issuance,N100-C1-R2,100,1,2,20,0xea1a5d5dcc2fd55c569e4bbf35c0eed4c5ab9735ee9b95241f064eaeba986a25,25,128097,2000000000,256194000000000,37.99616499998956,244.2600700000039,282.25623499999347,true
load-issuance,N100-C1-R2,100,1,2,21,0x85c40d1a7877c5a50062c032109c381e3952a75821995de395646204c0412af2,26,128085,2000000000,256170000000000,37.26772699999856,250.0256750000117,287.29340200001025,true
load-issuance,N100-C1-R2,100,1,2,22,0x65af342f261edecd015cc19555dbb13b2ad988ab1a28341bcb0e8f86b181b2f9,27,128097,2000000000,256194000000000,40.049559999999474,288.9330290000071,328.98258900000656,true
load-issuance,N100-C1-R2,100,1,2,23,0xc6e8da70fa6717d94c98954a24012834385d2b118f6239256bac78ecb8b763fd,28,128097,2000000000,256194000000000,46.65616799998679,202.98396900000807,249.64013699999487,true
load-issuance,N100-C1-R2,100,1,2,24,0x4cb37f6bb2fa81bd6d6da7fd605c2c357e8f604e66b67c2a72dfe79995cf7ad6,29,128097,2000000000,256194000000000,35.88210000000254,243.3664490000083,279.2485490000108,true
load-issuance,N100-C1-R2,100,1,2,25,0xdb26b195dc45c75dc93bbab898acb5fb02e4c8eda874831102554728ff24b24f,30,128097,2000000000,256194000000000,35.86703799999668,247.38244800000393,283.2494860000006,true
load-issuance,N100-C1-R2,100,1,2,26,0x1b8326841a1ec4fa3368b41c59cd75ed7114e9dc31873b5334bcc29e68d5a647,31,128085,2000000000,256170000000000,36.805332000003546,244.70198499999242,281.50731699999596,true
load-issuance,N100-C1-R2,100,1,2,27,0x6060ecf9e9b9f25e213f0feec6f80ddb3cea3efa3b6e664233bcb482f214a35f,32,128097,2000000000,256194000000000,38.37807900000189,288.4372790000052,326.8153580000071,true
load-issuance,N100-C1-R2,100,1,2,28,0xd9102a2cd29680730d7f2c285044bf003aec7761020f47defeba413b36c62973,33,128097,2000000000,256194000000000,44.55431900001713,244.48761599999852,289.04193500001566,true
load-issuance,N100-C1-R2,100,1,2,29,0x2a38295694179a59eea283058b6e6ed95aeb499e3c3bf5cb55af8610ee3946c1,34,128097,2000000000,256194000000000,37.49774900000193,249.0409370000125,286.5386860000144,true
load-issuance,N100-C1-R2,100,1,2,30,0x84cd966dc284729261cd6a63c1e22f406e5e2b1082537b0ed4aa3b06eeb4d66e,35,128097,2000000000,256194000000000,37.30196400001296,203.3640379999997,240.66600200001267,true
load-issuance,N100-C1-R2,100,1,2,31,0x9719bf6613ec6a0c686a13741dfcf3d8fd348218254cf2e64b5c119cc87029d9,36,128097,2000000000,256194000000000,54.450585999991745,252.1085000000021,306.55908599999384,true
load-issuance,N100-C1-R2,100,1,2,32,0x191448a91d6874795da5312eb93f560f862706e845d36a75ad7b40d8992beac1,37,128097,2000000000,256194000000000,36.12764900000184,214.56756599998334,250.69521499998518,true
load-issuance,N100-C1-R2,100,1,2,33,0xf4ad60a65c5fc4305932aca6d4651c93a8cf688fcb50b8d2efc0ee6be9bb3395,38,128097,2000000000,256194000000000,46.68951199998264,210.54895400002715,257.2384660000098,true
load-issuance,N100-C1-R2,100,1,2,34,0x65725134663b5548bd304098cb1524c4bab7460f622594deb3fc8109ba5b0994,39,128085,2000000000,256170000000000,39.97755999999936,253.07829399997718,293.05585399997653,true
load-issuance,N100-C1-R2,100,1,2,35,0x0d21fb57746cdd4292f6e9842d515036696b7a52f91181f9519f0c97186e377d,40,128097,2000000000,256194000000000,34.74010399999679,202.55112000001827,237.29122400001506,true
load-issuance,N100-C1-R2,100,1,2,36,0x476c30d89dda2e5214812c47dd8d0e413709ab017169eb98fdfc48fbac2dbbef,41,128085,2000000000,256170000000000,36.610453000001144,256.4805709999928,293.0910239999939,true
load-issuance,N100-C1-R2,100,1,2,37,0x36b571405c4370f3c3aa75eba1b67001be69c66804fc4be14ebe0791c09f9e34,42,128097,2000000000,256194000000000,38.77250500000082,245.24148100000457,284.0139860000054,true
load-issuance,N100-C1-R2,100,1,2,38,0x2427406c117d3288398357399678aee0715b4680bd5d5e36cedff3279bcaf59c,43,128097,2000000000,256194000000000,52.42783800000325,212.03301700000884,264.4608550000121,true
load-issuance,N100-C1-R2,100,1,2,39,0x7c5c7e176832d27eca7d37cafa3c74174dcfb1fb24f1bd3a4398cf6c5629f318,44,128097,2000000000,256194000000000,39.65814300000784,243.55148399999598,283.2096270000038,true
load-issuance,N100-C1-R2,100,1,2,40,0xb794901af389065eaa237745ddecfd19e5f2fa69cf6876b9ec830a864f9ede52,45,128097,2000000000,256194000000000,37.251814999995986,202.81713099998888,240.06894599998486,true
load-issuance,N100-C1-R2,100,1,2,41,0xf51fc0bf07e04995b8b0d87743e94ae2729f75d60ee1a4af66e1f126997e6ffa,46,128097,2000000000,256194000000000,36.706792000011774,245.7730969999975,282.4798890000093,true
load-issuance,N100-C1-R2,100,1,2,42,0xfee6424c6a77e711ab145043d603f8c002b4c8c8a93e2d533f238f9d49ec6759,47,128097,2000000000,256194000000000,38.434783999982756,257.67245000001276,296.1072339999955,true
load-issuance,N100-C1-R2,100,1,2,43,0xc6785d5a03f95f449917f59f640141c71883ca4200fa27bebaf65cf0dd01e17f,48,128085,2000000000,256170000000000,36.74802300002193,205.13781799998833,241.88584100001026,true
load-issuance,N100-C1-R2,100,1,2,44,0x57527000dfa58d63aed1d635329c1834e743e8ceafbe9b7ff512c0b016d46941,49,128085,2000000000,256170000000000,36.389248000021325,244.8025229999912,281.1917710000125,true
load-issuance,N100-C1-R2,100,1,2,45,0xfe21c30ac95cc95ca64007ebee57be4aff4022eef57a8097cc5d0633dc381d8c,50,128097,2000000000,256194000000000,36.59587499999907,243.78856099999393,280.384435999993,true
load-issuance,N100-C1-R2,100,1,2,46,0x1238d3d9bab61d2b28b5db9ad73cc42c4d23e41841dd15d8f377ea8ddff77023,51,128097,2000000000,256194000000000,38.27281600001152,204.92240499999025,243.19522100000177,true
load-issuance,N100-C1-R2,100,1,2,47,0xa074e25e1df3d2fb4641fd7025c9a057db8b2209bd205f40b185af1a5c5f8ff4,52,128097,2000000000,256194000000000,34.8030940000026,244.87605000002077,279.67914400002337,true
load-issuance,N100-C1-R2,100,1,2,48,0x15a7db2c410bb519f71ea8eb61631739d895d67bb717ad7fabb42f17a959b37f,53,128097,2000000000,256194000000000,36.06026500000735,247.659244999988,283.71950999999535,true
load-issuance,N100-C1-R2,100,1,2,49,0x5344602168a2aadb2bd1d77e8473b285e064bc59a807af2fe318c563fb58bb20,54,128097,2000000000,256194000000000,37.256855000014184,256.44779299999936,293.70464800001355,true
load-issuance,N100-C1-R2,100,1,2,50,0x59bfd60d12dbde5a8f048f7f4ff26e51f31743c62ee43e4f219e7224dc2b335b,55,128097,2000000000,256194000000000,39.550858000002336,242.61997600001632,282.17083400001866,true
load-issuance,N100-C1-R2,100,1,2,51,0x7556546207984684bbcc12e6254af0827aeb6483a8237a14e77222b49391ed75,56,128097,2000000000,256194000000000,36.47248499997659,242.60671200000797,279.07919699998456,true
load-issuance,N100-C1-R2,100,1,2,52,0xfe5b8b5c7d2cea45bc61aea153aeb758601a822307124f6f94360bb0f9a0dc2a,57,128085,2000000000,256170000000000,36.329644000012195,242.90251099999296,279.23215500000515,true
load-issuance,N100-C1-R2,100,1,2,53,0x0fbbe37d86702a2c9abf729df83fc421a13a2834f46283482592293f5e49f456,58,128085,2000000000,256170000000000,37.21358599999803,201.48093900000094,238.69452499999898,true
load-issuance,N100-C1-R2,100,1,2,54,0x77271707308a83ef3b7b54e89f8369a94b4dc4b759f64d9f60b510a296851c88,59,128097,2000000000,256194000000000,37.06076300001587,300.4546229999978,337.5153860000137,true
load-issuance,N100-C1-R2,100,1,2,55,0xfa74859341807b11e0300e7d281dbfe3439fc486784d48a7a46965c1124b6195,60,128097,2000000000,256194000000000,36.518336999986786,243.11919800000032,279.6375349999871,true
load-issuance,N100-C1-R2,100,1,2,56,0x546dfa741e577eab8857f8b9b502284d10afd6b6647a17adb5eddeb4ea9e0ab0,61,128097,2000000000,256194000000000,37.86481899998034,204.59892800002126,242.4637470000016,true
load-issuance,N100-C1-R2,100,1,2,57,0x889adf4407fb6e3908d7f3bfed3f1e9ad679bf67783040c51931d50637f03563,62,128097,2000000000,256194000000000,39.186366000009,248.0380620000069,287.2244280000159,true
load-issuance,N100-C1-R2,100,1,2,58,0x44ec86ec3b89c8974d2a6984421cc3e56544a8aaacb9d7a6b01cd365184402a2,63,128097,2000000000,256194000000000,46.06856800001697,243.55431199999293,289.6228800000099,true
load-issuance,N100-C1-R2,100,1,2,59,0x421b102ad3d656010c87e395aa8184270fe67266ca27fce2ac1fcadb90678db7,64,128097,2000000000,256194000000000,45.596870999987004,202.1231020000123,247.7199729999993,true
load-issuance,N100-C1-R2,100,1,2,60,0xaa71d22c1d0bd5b4f4e790c186ea2d460672637d95f4d3ee0f76a8d636f0688a,65,128097,2000000000,256194000000000,34.41171499999473,243.66104800000903,278.07276300000376,true
load-issuance,N100-C1-R2,100,1,2,61,0xba0f96d4451cb46ee8a02853b25adff082a6db75106a283e1a0ddd37fe03c64d,66,128085,2000000000,256170000000000,35.515150999999605,240.7346709999838,276.2498219999834,true
load-issuance,N100-C1-R2,100,1,2,62,0x1d2d1b81abacbdd2ef1ecdfcfd1dfa3457336f481fd723a6d9ebd1d98f1dc174,67,128097,2000000000,256194000000000,36.47382899999502,252.22832999998354,288.70215899997856,true
load-issuance,N100-C1-R2,100,1,2,63,0xdc1df6e1817e5cb56690f2894037a0813ddf4a325503f0305b1dd9354cc29584,68,128097,2000000000,256194000000000,34.86153400002513,208.55618099999265,243.41771500001778,true
load-issuance,N100-C1-R2,100,1,2,64,0x4513fa8fea1e559c9097c41bfe8c9b9d2df0863c5c19f3e92c956384a21fec84,69,128085,2000000000,256170000000000,36.024304999999,255.3641639999987,291.3884689999977,true
load-issuance,N100-C1-R2,100,1,2,65,0x6faedfd75ebda57716a339f38e2f2fbebc970065bb1c444f0ef8efc25d576a20,70,128097,2000000000,256194000000000,35.07738000000245,242.84046799998032,277.91784799998277,true
load-issuance,N100-C1-R2,100,1,2,66,0xe7a0b134fb333121000907266930625f01c65a3c46225a6246f5f9422965670f,71,128085,2000000000,256170000000000,34.95888799999375,251.6520109999983,286.61089899999206,true
load-issuance,N100-C1-R2,100,1,2,67,0x70fca8150ee8dac1740eb5d4268fc7a61aa8d1b2be36fb5975acdbfd150e1d6b,72,128097,2000000000,256194000000000,35.55305000001681,200.29157299999497,235.84462300001178,true
load-issuance,N100-C1-R2,100,1,2,68,0xb80f8cf219c1b507e50b4fd5c1fd544e780a8b7b8df6c95d5456504a604db596,73,128085,2000000000,256170000000000,35.80785000001197,242.2263099999982,278.03416000001016,true
load-issuance,N100-C1-R2,100,1,2,69,0xa8bbc5e42b84ef8890598210e1f38d154527722209de110e0a8c61c34e28b796,74,128097,2000000000,256194000000000,36.888773000013316,243.9763559999992,280.86512900001253,true
load-issuance,N100-C1-R2,100,1,2,70,0x204fa340346e901c1b984429eb57ab1daa9f6cc8b1566bdb7a6f7324d77b81f9,75,128085,2000000000,256170000000000,43.59665999998106,249.23422300000675,292.8308829999878,true
load-issuance,N100-C1-R2,100,1,2,71,0x6633961cac0bfb9162e8d0fd8d68b7b514a18985ba986aabcdc22e291b10c6aa,76,128085,2000000000,256170000000000,48.25957799999742,200.28716800000984,248.54674600000726,true
load-issuance,N100-C1-R2,100,1,2,72,0x582885e77886b281687af893a4e1915afc1df7d3be5530a8a35c10cc3b0fe0cc,77,128097,2000000000,256194000000000,42.12398899998516,244.38254700001562,286.5065360000008,true
load-issuance,N100-C1-R2,100,1,2,73,0x8c4cb7e3b637f44fd30bb49fb723dd19c4dc3d10f7b7bdbd06cfa9c90937094e,78,128097,2000000000,256194000000000,36.95152499998221,246.79085499999928,283.7423799999815,true
load-issuance,N100-C1-R2,100,1,2,74,0x126a2f40063962407a562cb58ef2790388317f979194bf5932a674666f5301f5,79,128097,2000000000,256194000000000,36.33977600000799,244.25467999998364,280.5944559999916,true
load-issuance,N100-C1-R2,100,1,2,75,0xac92c83e73e375bfb28df72d5904593f4d39179c77637dc8db1a329d93f78719,80,128085,2000000000,256170000000000,39.20109100002446,248.62268499998027,287.8237760000047,true
load-issuance,N100-C1-R2,100,1,2,76,0xd0c21c99f3f3be3ce62866e02172079fee3e1870915ce3bec1e19b5057cac1a8,81,128097,2000000000,256194000000000,35.93134700000519,273.5828529999999,309.5142000000051,true
load-issuance,N100-C1-R2,100,1,2,77,0x0169b989e1889dad6db6682afca9153c1f55d81a93f8e475e7fa006d556162ab,82,128097,2000000000,256194000000000,42.75396100000944,217.141409999982,259.8953709999914,true
load-issuance,N100-C1-R2,100,1,2,78,0x61ed99032ec5565c7dd6c2425faade96943e8b9f00706457daa4e54010f3d219,83,128085,2000000000,256170000000000,35.86157899998943,248.80530599999474,284.6668849999842,true
load-issuance,N100-C1-R2,100,1,2,79,0x5efb0103f631702a037fca4b75c76ac2bce5eec306cb03a57c3d0a0b7bae01f1,84,128097,2000000000,256194000000000,36.30842799998936,245.82222999999067,282.13065799998003,true
load-issuance,N100-C1-R2,100,1,2,80,0x6a79c69fddf6cce8cbce5c371c4dfb83154e6145241fd03c46f3925c361b0a80,85,128097,2000000000,256194000000000,44.804369999998016,205.49126399998204,250.29563399998005,true
load-issuance,N100-C1-R2,100,1,2,81,0xc75a8c6407d451452886bbcb700c3b7fce9d1295846f72d3b6dbdbff6261a331,86,128085,2000000000,256170000000000,36.9722780000011,247.01791899997625,283.99019699997734,true
load-issuance,N100-C1-R2,100,1,2,82,0xf062e7a93d593e5f7b841c660442f5d74446be9e40f4d89618a67121da7b311d,87,128097,2000000000,256194000000000,36.79905500001041,250.23835699999472,287.03741200000513,true
load-issuance,N100-C1-R2,100,1,2,83,0xd467519090063c1bf047ff9700ad5f6175fa1355a06043dcc3618339e85f29e3,88,128097,2000000000,256194000000000,41.71852699998999,201.8928339999984,243.6113609999884,true
load-issuance,N100-C1-R2,100,1,2,84,0xb05234bb582aecea7e3045f212df65409a17283c7789313cc0ec65c01369a142,89,128085,2000000000,256170000000000,39.1766779999889,243.04409700000542,282.2207749999943,true
load-issuance,N100-C1-R2,100,1,2,85,0xa06f03dba1d5771113333685c9081dcf1a70c5eae376865c304f74e8e3ca3618,90,128097,2000000000,256194000000000,36.33424300001934,244.45678899998893,280.7910320000083,true
load-issuance,N100-C1-R2,100,1,2,86,0x15721723739a84504bb7228c04cfcd8918339b63f889cfcf321e20c31ad476cb,91,128085,2000000000,256170000000000,36.03039400000125,242.59392399998615,278.6243179999874,true
load-issuance,N100-C1-R2,100,1,2,87,0xae12fe2863a6ef18e627e0ca2bf89c7f98f20e41f9c1d659e667f40f7902f24d,92,128097,2000000000,256194000000000,35.23795599999721,240.8104680000106,276.0484240000078,true
load-issuance,N100-C1-R2,100,1,2,88,0x824fdd6ea9348c5aa6e7bd0a7dd309033f6ce00c55829e758f4b19245d93440d,93,128097,2000000000,256194000000000,35.24327800000901,241.55024899999262,276.79352700000163,true
load-issuance,N100-C1-R2,100,1,2,89,0xb4b041f738b5df7e8e356035949ce1117697afff299b723a8cd02cc98195605c,94,128097,2000000000,256194000000000,39.7236269999994,202.06972299999325,241.79334999999264,true
load-issuance,N100-C1-R2,100,1,2,90,0xabd54074f7c71f9335227e767024e3e83b175cda063ddac6d5274658203547e5,95,128097,2000000000,256194000000000,43.9929580000171,247.4952489999996,291.4882070000167,true
load-issuance,N100-C1-R2,100,1,2,91,0xeb4625afd30302bc233638b26c05751ec629b32064abdeeb964ebfd9ce7389df,96,128097,2000000000,256194000000000,36.71510099997977,245.42948300001444,282.1445839999942,true
load-issuance,N100-C1-R2,100,1,2,92,0xd6b8e7afe49219cf14635d86509351190186cb2c5e8d2d5bcfa65162310555d5,97,128097,2000000000,256194000000000,36.92038799999864,248.4459050000005,285.36629299999913,true
load-issuance,N100-C1-R2,100,1,2,93,0x1a45afcb0fbb354c64789a839fecb80c661e133dae671c863fc4ea73f1650cba,98,128097,2000000000,256194000000000,35.40941599998041,211.29067200000281,246.70008799998323,true
load-issuance,N100-C1-R2,100,1,2,94,0x8bcf41d9fcfb01cb247d1f6eeb65b6901c25be643821aec596230be892246d14,99,128085,2000000000,256170000000000,36.05614300002344,253.95241699999315,290.0085600000166,true
load-issuance,N100-C1-R2,100,1,2,95,0xaee04532025b9a9386d67b354e750e16ab8f1e1e691a655b623f5c71b2697932,100,128097,2000000000,256194000000000,46.696169999981066,206.10901500002365,252.8051850000047,true
load-issuance,N100-C1-R2,100,1,2,96,0xf030d324309e9e7eb64e74db146f3b09a12ea5523e4b43f126134fd314d64c3b,101,128097,2000000000,256194000000000,36.43180099999881,244.43089799999143,280.86269899999024,true
load-issuance,N100-C1-R2,100,1,2,97,0x341d581f94a2863beb4e44a06286e78aa27327b3632739b41ec06e6e3a97b194,102,128097,2000000000,256194000000000,38.406497999996645,242.0158029999875,280.42230099998415,true
load-issuance,N100-C1-R2,100,1,2,98,0x1a45cf3ddd32d747f944e2ff9bd45dbfcb25c386acc6af36b089d5160a344faa,103,128097,2000000000,256194000000000,36.152384999993956,242.00049200002104,278.152877000015,true
load-issuance,N100-C1-R2,100,1,2,99,0x7de09a8c3d0004fc718459ee5b0eece2af90194b4a3b5cb246151f3b145efc6d,104,128073,2000000000,256146000000000,37.05730000001495,246.35421099999803,283.411511000013,true
student-registration,N100-C1-R3,,,,,0x2234522fc9e9d0568179a3f3070c874758b2350dc839ebf9b24bbbdbf2c0e8b4,2,69984,2000000000,139968000000000,61.53719100001035,171.02341100000194,232.5606020000123,true
university-registration,N100-C1-R3,,,,,0x2cc952f4a87b049fe255a9b5dd82c8d06bb038c52df9e9a3282d711308241498,3,116117,2000000000,232234000000000,93.77381800001604,203.09312199999113,296.86694000000716,true
approval,N100-C1-R3,,,,,0x7de83148f36aff846a0fb0c70abc256b33e61e34f8a1589b23feebb11972476a,4,29108,2000000000,58216000000000,66.96978899999522,164.3782910000009,231.34807999999612,true
load-issuance,N100-C1-R3,100,1,3,0,0xe91ef511462476c1819f9239f1700c9be5570bf0fe4a9cad4167a0c882deede9,5,145197,2000000000,290394000000000,41.498050000023795,165.05106699999305,206.54911700001685,true
load-issuance,N100-C1-R3,100,1,3,1,0x80b4e92989bcc050026ca8941fc3ceda5f7a347c95878b750285e0c4f9973d12,6,128097,2000000000,256194000000000,40.546369000017876,205.8353739999875,246.38174300000537,true
load-issuance,N100-C1-R3,100,1,3,2,0xd892ac2c2d54e58d58a8faad0c56b4d54fa98e070059245aa65d514bd7078ce1,7,128097,2000000000,256194000000000,57.083238999999594,217.0958030000038,274.1790420000034,true
load-issuance,N100-C1-R3,100,1,3,3,0xc8627606c3c7330ea8b5151e83ff7d0aa85eaa9338ac50d141fb45c8f8044ecd,8,128097,2000000000,256194000000000,39.42953999998281,247.6075150000106,287.0370549999934,true
load-issuance,N100-C1-R3,100,1,3,4,0x44ab23150c2c921762fcf4060d32b02cbfabdde5ea15bd165c67ce2a03a123a9,9,128097,2000000000,256194000000000,38.55114500000491,251.71953100000974,290.27067600001465,true
load-issuance,N100-C1-R3,100,1,3,5,0x01cc5d28b0c8860d680e56c385c0d46ee97e88e0dfe9271d3efcda656fda6705,10,128097,2000000000,256194000000000,45.15409599998384,247.40256100002443,292.5566570000083,true
load-issuance,N100-C1-R3,100,1,3,6,0x4c506b5daaf7a58fbc02028a8d8b964113348d9f33f1d12109ff09313183b533,11,128085,2000000000,256170000000000,38.521805999975186,204.23777300000074,242.75957899997593,true
load-issuance,N100-C1-R3,100,1,3,7,0xb0116a2d74eea1117d12f20204589118ddc3444f2c561092c3dd142f29517891,12,128097,2000000000,256194000000000,34.95083600000362,242.1890799999819,277.13991599998553,true
load-issuance,N100-C1-R3,100,1,3,8,0x448a14362ec01fccd98164aa2b7e1ea0951c111c3c88178560b95a5210bce4f0,13,128097,2000000000,256194000000000,34.860215000022436,241.47166099998867,276.3318760000111,true
load-issuance,N100-C1-R3,100,1,3,9,0x30a0dc603797edecd8afa16c533205ec3c387214194867aa7ea60cd272b9ecef,14,128097,2000000000,256194000000000,38.14230899998802,199.98090299998876,238.12321199997677,true
load-issuance,N100-C1-R3,100,1,3,10,0x6be4a857c7837323c2baae5c09082711c07548682bcafec19be8eb6c88a3fb58,15,128097,2000000000,256194000000000,37.25203000000329,252.1638690000109,289.4158990000142,true
load-issuance,N100-C1-R3,100,1,3,11,0x8d9e06ebee9fc73476d2f1342774444d06a44b314a0ce5891606394342ba68c0,16,128097,2000000000,256194000000000,34.788131999986945,241.59528000000864,276.3834119999956,true
load-issuance,N100-C1-R3,100,1,3,12,0x6e0c690bcc3cf0eb8fff7c12ece8229d6dde08126dac620c02f22ace17efff0d,17,128097,2000000000,256194000000000,36.53217200000654,241.74269000001368,278.2748620000202,true
load-issuance,N100-C1-R3,100,1,3,13,0x7772613ce90360cce8f5b7eca06757eedb255acf488a5b95e0b1888e08605dca,18,128085,2000000000,256170000000000,39.915941000013845,206.0394340000057,245.95537500001956,true
load-issuance,N100-C1-R3,100,1,3,14,0x95beaeab7ad5469fd750d4dc9498eb72578824d54106b3440d40886b6b4fecde,19,128097,2000000000,256194000000000,43.4351800000004,250.46194999999716,293.89712999999756,true
load-issuance,N100-C1-R3,100,1,3,15,0x897c388830632a7253402d99a0b3f184d10af5e2a2964a11d4b2875855f7a904,20,128097,2000000000,256194000000000,34.34993400002713,276.26986899998155,310.6198030000087,true
load-issuance,N100-C1-R3,100,1,3,16,0x0e8603af875791f1da1c6ecb0550ad95d4c8fa5547e2c246cd45f508b74b8277,21,128097,2000000000,256194000000000,36.75781700000516,247.47886299999664,284.2366800000018,true
load-issuance,N100-C1-R3,100,1,3,17,0x5d35865c9372ea1cb3e7d5d65537acae14a50b9c197a024ea1b88df1132974b8,22,128097,2000000000,256194000000000,34.031503000005614,241.77928699998301,275.81078999998863,true
load-issuance,N100-C1-R3,100,1,3,18,0xf652b84c165fa98003b40a0c9190e240f4c95f51e14aecccc2b488b88a1aee00,23,128085,2000000000,256170000000000,35.56384699998307,202.20171500000288,237.76556199998595,true
load-issuance,N100-C1-R3,100,1,3,19,0x310c24f527d08b3609ef42e6e74e0a6eb26f7c40611179c64ec8c432bf384c58,24,128097,2000000000,256194000000000,37.64460200001486,248.7582119999861,286.40281400000094,true
load-issuance,N100-C1-R3,100,1,3,20,0xd3db8f9dfe4de721d0978b998cb7f144f7f0816323b22436e9308293c53a0cff,25,128097,2000000000,256194000000000,36.96640699999989,244.88122999999905,281.84763699999894,true
load-issuance,N100-C1-R3,100,1,3,21,0x16e8f0ecc5cae46dc0aa9c5aec066ea0d193093ce2b02ab62947820eed276ccd,26,128085,2000000000,256170000000000,34.96608099999139,200.63948199999868,235.60556299999007,true
load-issuance,N100-C1-R3,100,1,3,22,0x6038040f905b452f683267d94a0d53fe82a91ecdac7fee7464a8be4b0d194d97,27,128097,2000000000,256194000000000,35.4187990000064,248.43480399998953,283.8536029999959,true
load-issuance,N100-C1-R3,100,1,3,23,0xd630ec656457d6000dc089e724312416fce88c956069b4221e0a6394f6f11b46,28,128097,2000000000,256194000000000,35.31724699999904,242.26214499998605,277.5793919999851,true
load-issuance,N100-C1-R3,100,1,3,24,0x21e9548aec8483e366ba6e6fbd84953f907eda3c9f935efe80068f5d7ca44a26,29,128097,2000000000,256194000000000,38.6537000000244,248.84814099999494,287.50184100001934,true
load-issuance,N100-C1-R3,100,1,3,25,0x0a9cccde6ea968c928107c1563048088d63fe9a7c374bd5f6411b2f75a036dcb,30,128097,2000000000,256194000000000,43.645428000018,250.62988599998062,294.2753139999986,true
load-issuance,N100-C1-R3,100,1,3,26,0xf290505d542cb9211c2ae1dd77da6970654d64c8c74876a120d97da40be6ddda,31,128085,2000000000,256170000000000,43.14679999998771,215.03408599999966,258.18088599998737,true
load-issuance,N100-C1-R3,100,1,3,27,0xfca57ea4a98ea9de5cdf74d7902d47fa7307f643f159a77d19f3cae327de1406,32,128097,2000000000,256194000000000,36.04781699998421,200.80636000001687,236.85417700000107,true
load-issuance,N100-C1-R3,100,1,3,28,0xf9c3f3373144fb95477bbe5c2719205539f3aabb8cfc0ebf2b0ef12684dd7080,33,128097,2000000000,256194000000000,56.41668500000378,241.6026750000019,298.0193600000057,true
load-issuance,N100-C1-R3,100,1,3,29,0x43aee25580f970dfa60b18e20b19d99020e61aff6d740406ed5581ba1f866841,34,128097,2000000000,256194000000000,35.47830799999065,242.97488500000327,278.4531929999939,true
load-issuance,N100-C1-R3,100,1,3,30,0x5f00808836f0f809a1a7e20fb397797c41642afc1b2567995f4a3a2f87197c68,35,128097,2000000000,256194000000000,35.329927999991924,243.15571799999452,278.48564599998645,true
load-issuance,N100-C1-R3,100,1,3,31,0x3618ce39d2c7d399af8b611c00c2c8bbbc926a352e264ab99f5ac5dafc1fbdab,36,128085,2000000000,256170000000000,33.65423300000839,241.14103100000648,274.79526400001487,true
load-issuance,N100-C1-R3,100,1,3,32,0x3998f8f56f55200d2cda03c97d0d5836c629f6863b125b0c4e3660b1c3c161a5,37,128097,2000000000,256194000000000,34.362764999998035,201.47186200000579,235.83462700000382,true
load-issuance,N100-C1-R3,100,1,3,33,0x84234903c144313257f59e6af96d2f2b188eedebc6ac9cb8b3177f2fc1080ae7,38,128097,2000000000,256194000000000,34.297403000004124,243.02262699999847,277.3200300000026,true
load-issuance,N100-C1-R3,100,1,3,34,0xb0c6fc21d76304e2f0f7f2dfe2d2a205590af9c9da43072f0958aaee49b2012e,39,128097,2000000000,256194000000000,38.55650600002264,247.10845199998585,285.6649580000085,true
load-issuance,N100-C1-R3,100,1,3,35,0x3ee36e712aee2dce7664a0be95f94bdec369b324b1071d77e759234250f5126d,40,128097,2000000000,256194000000000,34.640924000006635,200.62192599999253,235.26284999999916,true
load-issuance,N100-C1-R3,100,1,3,36,0x86e2e07f6fc8854b1d73db169d33d3a482c5ed2356c5b4c659676f7351afac9f,41,128097,2000000000,256194000000000,35.67970300000161,246.34234299999662,282.0220459999982,true
load-issuance,N100-C1-R3,100,1,3,37,0x8314ab7823afa3cb85fc119cf491698462bbe785cdac65e037d8b8f24f85448b,42,128097,2000000000,256194000000000,37.40517300000647,243.36224099999527,280.76741400000174,true
load-issuance,N100-C1-R3,100,1,3,38,0x9c9d5a287dfd5c2820134b09534b9dbb55cffb3911da7fb5467408b9bdaebb7a,43,128097,2000000000,256194000000000,34.64958700002171,246.09593299997505,280.74551999999676,true
load-issuance,N100-C1-R3,100,1,3,39,0xe2c164e22b97dcca1844a05b81cc1de8469e9743b71372ba6d1a3a51ce68287e,44,128097,2000000000,256194000000000,36.88446900001145,202.11427900000126,238.9987480000127,true
load-issuance,N100-C1-R3,100,1,3,40,0x57eb81d9d6272b7220432266db86cb0e1d8f2f7083a3cc86ade5ccc19fe44490,45,128097,2000000000,256194000000000,41.016193999996176,245.71403299999656,286.73022699999274,true
load-issuance,N100-C1-R3,100,1,3,41,0x34d12f32db1f31a0f4d81f5b72624323a673aa2f485b32773642717465a2af82,46,128085,2000000000,256170000000000,36.33681799998158,254.14869500001078,290.48551299999235,true
load-issuance,N100-C1-R3,100,1,3,42,0x70f3d61091275420b114675744b5a5fd51c2f548e9bfaf291d0affc57636db83,47,128097,2000000000,256194000000000,36.16646100001526,205.72210399998585,241.8885650000011,true
load-issuance,N100-C1-R3,100,1,3,43,0x51cf47aa7fffae3fb8db7f7b57891ed889b810a3291725bf173e6294f3826dc2,48,128097,2000000000,256194000000000,35.49869799998123,243.48716400002013,278.98586200000136,true
load-issuance,N100-C1-R3,100,1,3,44,0xfba0703f59992e691c7d08d69cd913e2874103df68a59740abd56605a0a48c9c,49,128097,2000000000,256194000000000,39.344740000000456,228.4917580000183,267.83649800001876,true
load-issuance,N100-C1-R3,100,1,3,45,0x8e20b6c24815d166b26216ea33d2531f0158c952fbf28e7487aacf81167658af,50,128085,2000000000,256170000000000,37.07254299998749,245.28092200000538,282.35346499999287,true
load-issuance,N100-C1-R3,100,1,3,46,0x93020eeb95a1ff2f7a190b8c3ddb676091f49a22c2269b4b19e08c9dc0e6d88b,51,128085,2000000000,256170000000000,39.81086399999913,206.05115499999374,245.86201899999287,true
load-issuance,N100-C1-R3,100,1,3,47,0x6adb07ee08fd5ffdb1cf062afca0dabfba5dd42adf2250be73aaf61ecd22851e,52,128097,2000000000,256194000000000,36.37957099999767,242.69415299998946,279.0737239999871,true
load-issuance,N100-C1-R3,100,1,3,48,0x4f34ff3891b35c42af3e58c2cbf410c6fff7f9a3e4c1fae17fdbd47015a5ed6a,53,128097,2000000000,256194000000000,36.02982600001269,200.89025900000706,236.92008500001975,true
load-issuance,N100-C1-R3,100,1,3,49,0xd204cf3c4202f7a17431fbb5553732a646948d2255efd3f44d874a395f7ccbea,54,128085,2000000000,256170000000000,35.25928900000872,259.2933820000035,294.5526710000122,true
load-issuance,N100-C1-R3,100,1,3,50,0x88baeae369368584548b76cb676104c46efcdb4926366c6d6f0edede526f4117,55,128085,2000000000,256170000000000,35.07259399999748,201.13016999998945,236.20276399998693,true
load-issuance,N100-C1-R3,100,1,3,51,0xaa9aff3590054e1d5e1966ee91967088415e33dbefe4c6e1901e8eeee83173df,56,128097,2000000000,256194000000000,35.9746799999848,251.76029700000072,287.7349769999855,true
load-issuance,N100-C1-R3,100,1,3,52,0xc719f75f94ca2b7cd3fa3cd63d512828a2368a9573193541b9e574c99a83c176,57,128097,2000000000,256194000000000,35.37341200001538,203.87066699998104,239.24407899999642,true
load-issuance,N100-C1-R3,100,1,3,53,0xe1c2d5170a0e010c20755784c8980b571d9433f51b806affcb38a2a6b79dac7f,58,128085,2000000000,256170000000000,35.791961999988416,245.48535200001788,281.2773140000063,true
load-issuance,N100-C1-R3,100,1,3,54,0xdab478ace870ee6708e0ca85b237614b2e7c5897504c6f3b022d470cdbb14f75,59,128097,2000000000,256194000000000,34.46252900001127,242.5954559999809,277.0579849999922,true
load-issuance,N100-C1-R3,100,1,3,55,0x9468b87134306196bd676398c2b5f38b7ebfd7b55d6e09ebd054faf55835f725,60,128097,2000000000,256194000000000,35.931323999975575,208.63844200002495,244.56976600000053,true
load-issuance,N100-C1-R3,100,1,3,56,0xd07f7c8642e0361c0837d4dd38ba4d65216c05693695d82331c2075d1d82c43e,61,128097,2000000000,256194000000000,36.658989999996265,243.4269889999996,280.08597899999586,true
load-issuance,N100-C1-R3,100,1,3,57,0xac9a4953e88adfc41d3bb495e704ff4efa4bf06c56f16c1c0cefc7da40838e9f,62,128097,2000000000,256194000000000,37.161305000016,241.0996789999772,278.2609839999932,true
load-issuance,N100-C1-R3,100,1,3,58,0xfa534c7013b854ee12ea2048ce7ca920562b9a0a2ba1ebd2abb87d66a7c17486,63,128085,2000000000,256170000000000,35.056718999985605,243.1448059999966,278.2015249999822,true
load-issuance,N100-C1-R3,100,1,3,59,0x83efe157eca39fc18dc2d29f72924f859924902a4c2d7241fdc3d6358ccc25e6,64,128097,2000000000,256194000000000,34.29947500000708,248.08452400000533,282.3839990000124,true
load-issuance,N100-C1-R3,100,1,3,60,0xc4efca6fa570ab5923ffa9105284de1d52784339b1b24e683c5702a762748ec7,65,128097,2000000000,256194000000000,34.79598399999668,207.80263099999866,242.59861499999533,true
load-issuance,N100-C1-R3,100,1,3,61,0x8d0ce970e45b299becf1598f9dc0fe5e344ded1dc23169bd89beaa4f05f49e70,66,128097,2000000000,256194000000000,38.58636099999421,241.44549600000028,280.0318569999945,true
load-issuance,N100-C1-R3,100,1,3,62,0xec754165247d4e935232d6e656b801973ba4d4020998f210c0340ac9b6a3c569,67,128097,2000000000,256194000000000,34.97876900000847,244.05091700001503,279.0296860000235,true
load-issuance,N100-C1-R3,100,1,3,63,0x0d23eecca654d56be5835024db42a8277d7a78d310277f7e9636789d7b70ec34,68,128097,2000000000,256194000000000,34.25549799998407,240.70156400001724,274.9570620000013,true
load-issuance,N100-C1-R3,100,1,3,64,0xb113c82f1207878329e4da9b8e5aa88eb0b0be1e8a1a2cabdd6a466d70411a30,69,128097,2000000000,256194000000000,34.2619190000114,242.57717199999024,276.83909100000164,true
load-issuance,N100-C1-R3,100,1,3,65,0x27745fbe8153231e4280847d384cab165cf2f5a6129f581bd37e148bbf002fff,70,128097,2000000000,256194000000000,35.41505500001949,244.93863899999997,280.35369400001946,true
load-issuance,N100-C1-R3,100,1,3,66,0x352694c02df27a520ffd4f4aaf28782d84bd5664c00c183a34dfedbc3b596951,71,128085,2000000000,256170000000000,34.837100000004284,244.00590299998294,278.8430029999872,true
load-issuance,N100-C1-R3,100,1,3,67,0x6b72ee2864b874102293d5aecbba74fcad719b80021872b26257be287a19c3e7,72,128085,2000000000,256170000000000,35.32046100002481,243.2523419999925,278.5728030000173,true
load-issuance,N100-C1-R3,100,1,3,68,0x7abc4832f7f869bf38cb3b780236e51d3904232e172804e7ed6578e18f5818d8,73,128097,2000000000,256194000000000,36.2273330000171,221.01856199998292,257.245895,true
load-issuance,N100-C1-R3,100,1,3,69,0xca38c7ad18f695f486c94e09907be8a6165f93ceae951be8255ab1f0d4456785,74,128097,2000000000,256194000000000,46.29642500000773,298.8476410000003,345.144066000008,true
load-issuance,N100-C1-R3,100,1,3,70,0xb44c5766055c602091dcdca5417a0f70ad570a4d7e429babba692c9ca4107733,75,128085,2000000000,256170000000000,36.02729500000714,259.0541669999948,295.0814620000019,true
load-issuance,N100-C1-R3,100,1,3,71,0x55577a22203c303a8fd172887ef12d87ae5543009d9558d183f2193261087f1b,76,128097,2000000000,256194000000000,36.047529999981634,203.67945399999735,239.72698399997898,true
load-issuance,N100-C1-R3,100,1,3,72,0x1868ce044f992bc9ad1549b6a2701157ca724c6e33c4f2c4b8f4c4ba67c74682,77,128097,2000000000,256194000000000,36.32512100000167,243.15288799998234,279.478008999984,true
load-issuance,N100-C1-R3,100,1,3,73,0x8974aeb625cc4328c3d3b8332d42a26743b627279c6dabd1a197b196d82fed6d,78,128097,2000000000,256194000000000,35.643333000014536,255.26149299999815,290.9048260000127,true
load-issuance,N100-C1-R3,100,1,3,74,0x595a4660687603b873d8902ad3b9645ebb9b5e6508b062d8095d11dcccf444af,79,128097,2000000000,256194000000000,44.483376000018325,244.54651399998693,289.02989000000525,true
load-issuance,N100-C1-R3,100,1,3,75,0x44fab79bac4db7ee27e0057726ede0a2b95f3e3f83ead8f89219ba6781b7349e,80,128085,2000000000,256170000000000,35.816778000007616,211.80471599998418,247.6214939999918,true
load-issuance,N100-C1-R3,100,1,3,76,0x060d442d5da5a877f94eca44bdc46327f6c4dd7ec44f39e4a2428ffc98c461ab,81,128073,2000000000,256146000000000,35.76716399998986,282.42956399999093,318.1967279999808,true
load-issuance,N100-C1-R3,100,1,3,77,0xf5d7571d01ab6db429033d640714f79899ee0a068c994d3d4bf7ea85d5b50d2e,82,128085,2000000000,256170000000000,35.43231299999752,240.79664000001503,276.22895300001255,true
load-issuance,N100-C1-R3,100,1,3,78,0x380dac277bc5d008bc134085ce059375e62ccac8beac1a12ff41081ba967b98e,83,128097,2000000000,256194000000000,34.80703100000392,219.61563400001614,254.42266500002006,true
load-issuance,N100-C1-R3,100,1,3,79,0xab1443c60ec71da4a89358568705d207b6a3adaf396323fc88985364563b22f7,84,128097,2000000000,256194000000000,33.19493699999293,241.81534100000863,275.01027800000156,true
load-issuance,N100-C1-R3,100,1,3,80,0x04e9441528bb6b3328d42f3da08849ffc613b12d666592feb61534a1846276a7,85,128097,2000000000,256194000000000,33.951932999974815,242.23453200000222,276.18646499997703,true
load-issuance,N100-C1-R3,100,1,3,81,0x52e945561144922afc45d1ce814bc736228a1b32b9d5ac79ab4ff54a2641b69a,86,128097,2000000000,256194000000000,35.8108249999932,246.3892610000039,282.2000859999971,true
load-issuance,N100-C1-R3,100,1,3,82,0x9620c7e75d9f301386a815b1daf27d06abcd604544fa4fc1f2071266aff9adaa,87,128097,2000000000,256194000000000,34.96459399999003,245.8260710000177,280.7906650000077,true
load-issuance,N100-C1-R3,100,1,3,83,0xe9d4cddbd26c9b49837d2ca070e3c98589b17d15d2f380f3bbf7de6e0e15fda3,88,128097,2000000000,256194000000000,35.206789999996545,199.12946500000544,234.33625500000198,true
load-issuance,N100-C1-R3,100,1,3,84,0x4dd0651789e516fccc747c7672492adf5447f51dced6d3e5b7869cfb6279458f,89,128085,2000000000,256170000000000,35.1025040000095,242.57527500001015,277.67777900001965,true
load-issuance,N100-C1-R3,100,1,3,85,0x2a1fd039fa457ba9c952c33afa6190a51a706bc6f511bb58aa7b6d95ef33671f,90,128097,2000000000,256194000000000,38.05810599998222,244.1199300000153,282.1780359999975,true
load-issuance,N100-C1-R3,100,1,3,86,0x0393db2e4ca2246778d14dca441fefebaf152bc87a53ad16a1f3f45705534ed2,91,128085,2000000000,256170000000000,35.02199599999585,250.80733499999042,285.82933099998627,true
load-issuance,N100-C1-R3,100,1,3,87,0x465072929a2704f55fa95337ffb09620365440225cadb8064189ac36e9b5fd0a,92,128085,2000000000,256170000000000,38.95866800000658,259.5818539999891,298.5405219999957,true
load-issuance,N100-C1-R3,100,1,3,88,0x5fa2d5c36d506e911eb75607a70327a163278de71cae2852d5865dc8236e0bb7,93,128097,2000000000,256194000000000,34.96575199998915,200.12263100000564,235.0883829999948,true
load-issuance,N100-C1-R3,100,1,3,89,0xecf8ddd5c3f390bc29692e7b67a95cd947f1df088a03fe62ecaf94c7da1f2f8a,94,128097,2000000000,256194000000000,36.01518099999521,244.4969970000093,280.5121780000045,true
load-issuance,N100-C1-R3,100,1,3,90,0x4c98455eaf0a7bb3774ca5245504207ea6f687250fa37d6b3666a8c913b611cf,95,128085,2000000000,256170000000000,35.00724400000763,241.3329949999752,276.34023899998283,true
load-issuance,N100-C1-R3,100,1,3,91,0x20390a4c4314e30fb3243512c80a53b0bcc511ae33285e44899ebbb7e6e4b9dc,96,128097,2000000000,256194000000000,39.49838199999067,241.1858770000108,280.6842590000015,true
load-issuance,N100-C1-R3,100,1,3,92,0xce39184b1f0c4761ec9741660b01d16149e79e35ee6a2c417f93df970ae13298,97,128097,2000000000,256194000000000,34.662060000002384,240.5810669999919,275.2431269999943,true
load-issuance,N100-C1-R3,100,1,3,93,0xc6dd18e622d6a61879387b61d9c1264bb97f5e5e33bc63b569a11b7821c76281,98,128097,2000000000,256194000000000,43.71859199999017,201.71087499998976,245.42946699997992,true
load-issuance,N100-C1-R3,100,1,3,94,0x04248b42193efdd5d02110afaaabd0f88f4622ae6d0d88f8598d14fee410a4ad,99,128097,2000000000,256194000000000,36.9173310000042,242.8971840000013,279.8145150000055,true
load-issuance,N100-C1-R3,100,1,3,95,0xcdef125487d1869c8a70c13109a9d27a3a572d0b2c86ddf6ab6984dcbe39bb1b,100,128097,2000000000,256194000000000,35.85523600000306,306.72799800001667,342.58323400001973,true
load-issuance,N100-C1-R3,100,1,3,96,0x2ae53eed2cf1c96f9326bb022efd0ea89928e5f41c756e019474f49c3cf7516b,101,128097,2000000000,256194000000000,34.948638000001665,217.0514859999821,252.00012399998377,true
load-issuance,N100-C1-R3,100,1,3,97,0x446eb38f7ccb00f05c0288b453a100b1712f1193a85c89bfca2126148c1e14f1,102,128097,2000000000,256194000000000,35.910164000000805,243.01311800000258,278.9232820000034,true
load-issuance,N100-C1-R3,100,1,3,98,0x5565c445948fe5b2958eabe4c71bb0d7aa76e2b6db244cdd4bd62ea1ea724745,103,128097,2000000000,256194000000000,44.80725899999379,200.33617600001162,245.1434350000054,true
load-issuance,N100-C1-R3,100,1,3,99,0x1cacde7d53924fa1b1dc38ba6d8c722b69292983e62b3694369b31564260421f,104,128097,2000000000,256194000000000,36.32395700001507,241.6801689999993,278.00412600001437,true
student-registration,N100-C8-R1,,,,,0xcafb444ff9e53033052f4d992abb3b7f98a7973a5c74277d642ce04036aa34a8,2,69984,2000000000,139968000000000,58.906065000017406,200.60466699997778,259.5107319999952,true
university-registration,N100-C8-R1,,,,,0x2cc952f4a87b049fe255a9b5dd82c8d06bb038c52df9e9a3282d711308241498,3,116117,2000000000,232234000000000,86.72519399999874,161.99850899999728,248.72370299999602,true
approval,N100-C8-R1,,,,,0x7de83148f36aff846a0fb0c70abc256b33e61e34f8a1589b23feebb11972476a,4,29108,2000000000,58216000000000,74.91913000002387,202.5538579999993,277.4729880000232,true
university-registration,N100-C8-R1,,,,,0x90a008e592bf3608986d7f3f742076fe15461e3249dd45556f591e7ea2129990,5,99017,2000000000,198034000000000,75.68438900000183,158.88460399999167,234.5689929999935,true
approval,N100-C8-R1,,,,,0x2a7f7922da02a89e6da668518e1ba7c893617730abccd72175ebb5e8ae177c6e,6,29108,2000000000,58216000000000,59.456469999975525,204.97475100000156,264.4312209999771,true
university-registration,N100-C8-R1,,,,,0xbfa020197992959ac64b4a9268becdfec8ace8f7d163e4315c0a6b2ed3e11684,7,99017,2000000000,198034000000000,65.33044799999334,203.31101299999864,268.641460999992,true
approval,N100-C8-R1,,,,,0xd09904678371e8f5da7968f4e011a42c2f5cb175442e66a7cb94ec9e5f91d374,8,29108,2000000000,58216000000000,71.31299800000852,205.69024699999136,277.0032449999999,true
university-registration,N100-C8-R1,,,,,0xc0a13757b334f7a5e49bb21be3e8c0b348c40be4f15a10deb0b7e1cae54f16a1,9,99017,2000000000,198034000000000,70.38764699999592,164.72012400001404,235.10777100000996,true
approval,N100-C8-R1,,,,,0x5a02caf239f3618a3bf5e3a7469e3b64f0aaa7aad6badcd67ab3f23c50fcbd5b,10,29108,2000000000,58216000000000,61.19675100001041,202.60599700000603,263.80274800001644,true
university-registration,N100-C8-R1,,,,,0x0275507568cdf6f5cf2e9ecbb4c8cbedc32d9c99234ef1431166e98fa8e2ff21,11,99017,2000000000,198034000000000,70.9291539999831,200.16985599999316,271.09900999997626,true
approval,N100-C8-R1,,,,,0x5ea2940579bd6a5a5a51fcf71a2c75687bbd21dd63bac19e5185b1780d567595,12,29108,2000000000,58216000000000,62.63789799998631,201.45278800002416,264.09068600001046,true
university-registration,N100-C8-R1,,,,,0xe8c711c12c193b7d0916cba591a5c5ade8bb3aeb88247c2d5785014ecc57b28c,13,99017,2000000000,198034000000000,71.46771900000749,201.60866100000567,273.07638000001316,true
approval,N100-C8-R1,,,,,0x998cd73612e04b97e5b0832d153a360a9ed0d6bbd97b952b50866f6658ba7873,14,29108,2000000000,58216000000000,73.62360200000694,219.11470899998676,292.7383109999937,true
university-registration,N100-C8-R1,,,,,0x8e81f969a21f556c8f4fa8b66358884eb370d7d1d513035e5943aeeb972254d4,15,99017,2000000000,198034000000000,68.95711000001756,161.05734299999312,230.0144530000107,true
approval,N100-C8-R1,,,,,0x0d365ba359231ffed0a7076cd334fe900359679b0697c54c06c7e5673f83e6da,16,29108,2000000000,58216000000000,62.936877000000095,212.7363989999867,275.6732759999868,true
university-registration,N100-C8-R1,,,,,0x8e095afab12f1b012fd5816b52514e050e50de4a4a0bf3b365718a938ed52768,17,99017,2000000000,198034000000000,69.2511419999937,201.99442400000407,271.2455659999978,true
approval,N100-C8-R1,,,,,0x5df53e6b6b909757bbf487ce8521d74f5a9eb931c5162b2f936ed7ecc544c642,18,29108,2000000000,58216000000000,60.158247999992454,203.88358799999696,264.0418359999894,true
load-issuance,N100-C8-R1,100,8,1,0,0x813d49a803e3dc78c3056b9f6e33c8a1387308ce8f5c840edd77d65c89d8e02f,19,145197,2000000000,290394000000000,42.26146000000881,210.83467399998335,253.09613399999216,true
load-issuance,N100-C8-R1,100,8,1,1,0x6c75f4d15320489975103f8e87aa19c0e8edf9ab48918af0fdac2b27c09d67f5,19,128085,2000000000,256170000000000,42.1693249999953,210.83530199999223,253.00462699998752,true
load-issuance,N100-C8-R1,100,8,1,2,0x74c49b0eead16c16f1bbed6cdf33a49c932f46a34a6f34abc7e332f4c945675b,19,128097,2000000000,256194000000000,42.04464000000735,210.83714099999634,252.88178100000368,true
load-issuance,N100-C8-R1,100,8,1,3,0x4786f3a7d4de1b0c6cc94997296178f8198c340d6c6be1f016dbf26c1e8fd6e6,19,128097,2000000000,256194000000000,42.02037000001292,210.83825199998682,252.85862199999974,true
load-issuance,N100-C8-R1,100,8,1,4,0x6cbc846c1f91d1885c5117b19700865f8d89118ad84b80caf74da0ce2a985795,19,128085,2000000000,256170000000000,42.00026000000071,210.83927900000708,252.8395390000078,true
load-issuance,N100-C8-R1,100,8,1,5,0xc01a88c5728895d58ef9d0331d6ef023e4680546a3c2ffa981fc704c2902a088,19,128073,2000000000,256146000000000,41.98064799999702,210.840303999983,252.82095199998002,true
load-issuance,N100-C8-R1,100,8,1,6,0x719bcf031d22de6711fb636a68a91cb3eff3d449ef47e883ecf9848d5d8ce261,19,128097,2000000000,256194000000000,41.96137199999066,210.8409249999968,252.80229699998745,true
load-issuance,N100-C8-R1,100,8,1,7,0x10e04d1bef9e08e6e5acca1507ed53abc12ee829a5c3cda584da4c9c53daf99a,19,128085,2000000000,256170000000000,41.94280499999877,210.8421330000274,252.78493800002616,true
load-issuance,N100-C8-R1,100,8,1,8,0x65e0eacb590d57715d768d7ff6abfe3bd56611c71c46a4c9a6db84dd00864cdc,20,128097,2000000000,256194000000000,43.31602699999348,330.5994739999878,373.9155009999813,true
load-issuance,N100-C8-R1,100,8,1,9,0x9e6d8ca70925d17d47a7c93b1107fb5fffea2e3b90cdb276c8ca5b031668c8c6,20,128097,2000000000,256194000000000,43.250001000007614,330.5933629999927,373.8433640000003,true
load-issuance,N100-C8-R1,100,8,1,10,0x175421dd6bac30747a27a938ab895cc44f95c51ba79e82429b3c6f73733b0f3f,20,128097,2000000000,256194000000000,43.2263620000158,330.59438299998874,373.82074500000454,true
load-issuance,N100-C8-R1,100,8,1,11,0x4bb1cdef5cbddcb45749d0fc1f158f0047777fba10db7dc4d0bba16fa707cd14,20,128085,2000000000,256170000000000,43.09004999999888,330.5954790000105,373.6855290000094,true
load-issuance,N100-C8-R1,100,8,1,12,0x2015a9b0be65c5e3c773a6969afbeed0d3d129950b9cb4abb1170c90731c8e06,20,128097,2000000000,256194000000000,43.06772299998556,330.5962109999964,373.66393399998196,true
load-issuance,N100-C8-R1,100,8,1,13,0xdc353897dc34cd8afaf5b8dbbc6073acbea464d07f87dc425c47d9e60e935e7d,20,128085,2000000000,256170000000000,43.04556900000898,330.59676299997955,373.6423319999885,true
load-issuance,N100-C8-R1,100,8,1,14,0xa9718dc363345091683a9cf28059a66cd798d3279a81952010403ae1104285f2,20,128097,2000000000,256194000000000,43.02357999997912,330.5966929999995,373.6202729999786,true
load-issuance,N100-C8-R1,100,8,1,15,0xc5e6b6c643681c762d63956c1c9cd560b34b7727f999fc913f0ebf0850f59e4a,20,128097,2000000000,256194000000000,42.98832800000673,330.59711299999617,373.5854410000029,true
load-issuance,N100-C8-R1,100,8,1,16,0x4bca584477ba4757bc5038583ea7a17bea72a16404ec923b54576301e465be8f,21,128097,2000000000,256194000000000,42.907093999994686,364.14637299999595,407.05346699999063,true
load-issuance,N100-C8-R1,100,8,1,17,0x7e3cc9c71989c7a74369bbac5783e93480504676a864c434ac515a35014ea17f,21,128097,2000000000,256194000000000,42.79900500000804,364.15823400000227,406.9572390000103,true
load-issuance,N100-C8-R1,100,8,1,18,0x73555386c40bb05ad95faeb057a382a5e5c6ad55d549ff05e7976ff9e72e2cde,21,128097,2000000000,256194000000000,42.774649999977555,364.16119000001345,406.935839999991,true
load-issuance,N100-C8-R1,100,8,1,19,0x2d252be9aa2a3907e62cb39e3c0e82d955bf6977b1225902baf09f76c9f91ed1,21,128085,2000000000,256170000000000,42.75185400000191,364.16413299998385,406.91598699998576,true
load-issuance,N100-C8-R1,100,8,1,20,0xde93eeac78e526e5382453451e3d1ae7dd9c773960db26b252729f2f4d1e12f0,21,128097,2000000000,256194000000000,42.73136800000793,364.1676509999961,406.89901900000405,true
load-issuance,N100-C8-R1,100,8,1,21,0xb7b51e043612b18fff74c370ed55a3e26dc80adfb2cbb47347fbf7685727cd11,21,128097,2000000000,256194000000000,42.708932000008645,364.1705859999929,406.87951800000155,true
load-issuance,N100-C8-R1,100,8,1,22,0x0afc7247765594dca3b9aeff5d235ab176a02536c3b9fa0e0ac1f1943a6f7647,21,128085,2000000000,256170000000000,42.68861100001959,364.1737279999943,406.8623390000139,true
load-issuance,N100-C8-R1,100,8,1,23,0xaafaafc0fcd38bee11f1740bcc0ffab297a00e3d39e3905035dada485f5cb889,21,128085,2000000000,256170000000000,42.658637999993516,364.1767669999972,406.8354049999907,true
load-issuance,N100-C8-R1,100,8,1,24,0xab87b30b5e5a8d7a030beab3c71295ba9a0f7b1c48253070a75598bdd9589925,22,128097,2000000000,256194000000000,42.03719100001035,325.20802900000126,367.2452200000116,true
load-issuance,N100-C8-R1,100,8,1,25,0x5cda7d21bd2379889a017a1de591c7205236e0c256fa81fbc454e0257a833aca,22,128097,2000000000,256194000000000,41.930480999988504,325.1958630000008,367.12634399998933,true
load-issuance,N100-C8-R1,100,8,1,26,0xd09b98fed97166f59032fda92a140bcec8e2a398df4dd19d9dec16a7d938d281,22,128085,2000000000,256170000000000,41.88683800000581,325.1973449999932,367.08418299999903,true
load-issuance,N100-C8-R1,100,8,1,27,0x87b24bc4e8905d55ef175e230853ce61b324ab7c11a2b5a734b46f3910de4d99,22,128085,2000000000,256170000000000,41.79182899999432,325.19846600000164,366.99029499999597,true
load-issuance,N100-C8-R1,100,8,1,28,0xf988cf8215329f949ec71546f2acfce6cdd7e20f8c09446bd25f9511f8c43b99,22,128073,2000000000,256146000000000,41.769003000023076,325.1987599999993,366.9677630000224,true
load-issuance,N100-C8-R1,100,8,1,29,0xe1cf0b016e2f358615b9688a48b3c9677c1bfcbb81d5b4faefe0cb15702ca546,22,128097,2000000000,256194000000000,41.74764600000344,325.1991750000161,366.94682100001955,true
load-issuance,N100-C8-R1,100,8,1,30,0x2b2a19d4b72bce366010ff5585557b2063fed9b8ce7b98070528e2eeee43242d,22,128097,2000000000,256194000000000,41.72313599998597,325.199621000007,366.922756999993,true
load-issuance,N100-C8-R1,100,8,1,31,0x711d7a0afede6b79b56c20c7a7078bb7ca7de676a658596501227b17ec669617,22,128097,2000000000,256194000000000,41.65227099999902,325.20014999998966,366.8524209999887,true
load-issuance,N100-C8-R1,100,8,1,32,0x2725f0022bbdee6f4c8e37791feac4c4ee9bf1a6d2ad964f563a69645e61e029,23,128097,2000000000,256194000000000,41.857801000005566,330.619314999989,372.47711599999457,true
load-issuance,N100-C8-R1,100,8,1,33,0x235ff3105ac9be3752cb358cce261c733d3cafe405f0d75e29b8001d13a5143b,23,128097,2000000000,256194000000000,41.79603299999144,330.60980200002086,372.4058350000123,true
load-issuance,N100-C8-R1,100,8,1,34,0xaaf5c9eca2d85c99c88c1d967cdd8cb312080d29cd3dedfee080fceea33cb4d8,23,128097,2000000000,256194000000000,41.77191599999787,330.61094899999443,372.3828649999923,true
load-issuance,N100-C8-R1,100,8,1,35,0xd191d4c0a5a07668a9f5e04bd70aa4542c90c7a193cc5b1706b304dda30f23ea,23,128097,2000000000,256194000000000,41.75038999997196,330.61170500001754,372.3620949999895,true
load-issuance,N100-C8-R1,100,8,1,36,0xd948b592c6856722ae208a51c4a583c23e2f5d0ad7ff6113d1aef46fdaab50e6,23,128097,2000000000,256194000000000,41.72791699998197,330.61220299999695,372.3401199999789,true
load-issuance,N100-C8-R1,100,8,1,37,0x6f22b7df772034d12e87bc53d836214d3f96a80839ab199231c2c608bdb3b769,23,128097,2000000000,256194000000000,41.70586600000388,330.6129310000106,372.31879700001446,true
load-issuance,N100-C8-R1,100,8,1,38,0xdea1496d6102dbc0ac2a1e3757fea8e0c935bd3b355ba9106a361f9da8811aad,23,128097,2000000000,256194000000000,41.683832999988226,330.61368400001084,372.29751699999906,true
load-issuance,N100-C8-R1,100,8,1,39,0x95d747894121d8941f53d24ab815d4bb08c77d3b4ca1e89d7442cd04384b060a,23,128097,2000000000,256194000000000,41.653631999972276,330.6146760000265,372.2683079999988,true
load-issuance,N100-C8-R1,100,8,1,40,0x412bfdc7dd84fc773defc87ceb30b2b5697309c25505583a0b88ea5b74b7128a,24,128097,2000000000,256194000000000,45.92535299999872,374.1901589999907,420.1155119999894,true
load-issuance,N100-C8-R1,100,8,1,41,0x813069959a75f8578033eaa06d1bda98cf56bf965bca22cff7356964e355e098,24,128097,2000000000,256194000000000,45.86826599997585,374.18497000000207,420.0532359999779,true
load-issuance,N100-C8-R1,100,8,1,42,0x1b18b738766645e177d6fec400dc23ff20b1c42adcf5f0e08492d57aac51a8d1,24,128085,2000000000,256170000000000,45.843324999994365,374.1863820000144,420.0297070000088,true
load-issuance,N100-C8-R1,100,8,1,43,0x296772063f232da49da481480ae2240263e281531418554a763a25dc5d387d53,24,128097,2000000000,256194000000000,45.82146000000648,374.1868759999925,420.00833599999896,true
load-issuance,N100-C8-R1,100,8,1,44,0xa2de034493d9dbe2d228e27d0746d9a08f1fb8231b3bdfd82ccbeec41f971864,24,128097,2000000000,256194000000000,45.79853499997989,374.18791900001816,419.98645399999805,true
load-issuance,N100-C8-R1,100,8,1,45,0xfc245485f58295870aa1ac0f364d0969bc2599cc8004c60146cbc96caf2c5954,24,128085,2000000000,256170000000000,45.77852100000018,374.18805299999076,419.96657399999094,true
load-issuance,N100-C8-R1,100,8,1,46,0xc4ac0e2d52c53f7b115fc1f38990d00d6dd38fef2c7acadfae463a29b7bbfece,24,128097,2000000000,256194000000000,45.756603000016185,374.18847599998116,419.94507899999735,true
load-issuance,N100-C8-R1,100,8,1,47,0x01078bbe66ebd2d823d02248c46583d1b238577e272ff35bc920d1753152fff1,24,128097,2000000000,256194000000000,45.72086699999636,374.1893369999889,419.91020399998524,true
load-issuance,N100-C8-R1,100,8,1,48,0x438a1b73e429d2c86cc3c571f60d4fd77df3b5f497bc44c700a47ca8e1c9714c,25,128097,2000000000,256194000000000,40.42098300001817,377.5135509999818,417.934534,true
load-issuance,N100-C8-R1,100,8,1,49,0x2fe5def65292c9dcdb7a6cef8904e9ca468df8beef73e43aa5dba90a3461d054,25,128097,2000000000,256194000000000,40.35937599997851,377.5204660000163,417.8798419999948,true
load-issuance,N100-C8-R1,100,8,1,50,0x83cf75b62de4e93101d92473da253d9641b4e6889cd2deec9e50a96499a9dddf,25,128085,2000000000,256170000000000,40.33534099999815,377.5238510000054,417.85919200000353,true
load-issuance,N100-C8-R1,100,8,1,51,0x4b7f3706e06143980e5cc86a3a7b5a0452bf701edc8c2096ddcf777414d6dd52,25,128097,2000000000,256194000000000,40.31300699998974,377.52551800000947,417.8385249999992,true
load-issuance,N100-C8-R1,100,8,1,52,0x229c96e225884fa0c63c269db8428ad899a0a3a2839de8da72f910ab50d41b06,25,128085,2000000000,256170000000000,40.29314299998805,377.526767000003,417.81990999999107,true
load-issuance,N100-C8-R1,100,8,1,53,0x9c7450d37756f09b23cea8d77790a2b531f95b7b8dafaa82c7b0d7be8489e6e7,25,128097,2000000000,256194000000000,40.272128999989945,377.5277720000013,417.7999009999912,true
load-issuance,N100-C8-R1,100,8,1,54,0x4f917f399b371ece340383bcb69ecba416310b66bd3536cc9a4f4213d58d72f1,25,128097,2000000000,256194000000000,40.25116499999422,377.5291670000006,417.7803319999948,true
load-issuance,N100-C8-R1,100,8,1,55,0xc0671adb6abaa8a6a0e14391eea5849581ade62598e71bf3ba3dc068b4416e91,25,128097,2000000000,256194000000000,40.222517999995034,377.54125300000305,417.7637709999981,true
load-issuance,N100-C8-R1,100,8,1,56,0xda8c72bdf36138d88c69a73412dcb1a05cb55faa9ae48cce049d0dcf007bb98f,26,128097,2000000000,256194000000000,45.55284599997685,329.68724400000065,375.2400899999775,true
load-issuance,N100-C8-R1,100,8,1,57,0xa246ed59201588311baaca16e97a295dcb8367efb537967d57add9c4327df4b3,26,128097,2000000000,256194000000000,45.407771000027424,329.6812749999808,375.08904600000824,true
load-issuance,N100-C8-R1,100,8,1,58,0x6daa1aa97fa41032b9091484459a63df978e847f17cf41c8e5d4aca4fcbcf053,26,128097,2000000000,256194000000000,45.3774460000277,329.6950389999838,375.0724850000115,true
load-issuance,N100-C8-R1,100,8,1,59,0x4be49ab44eeaeb2c8df1d7001d8f18db75e8662dff5a8269e5786c14d78df96b,26,128097,2000000000,256194000000000,45.33653999998933,329.69684899999993,375.03338899998926,true
load-issuance,N100-C8-R1,100,8,1,60,0xd31f5edf3f604670f8b6c0be7282445a57c668b474314a5aa165fe2e3e932e63,26,128097,2000000000,256194000000000,45.3098980000068,329.69836300000316,375.00826100000995,true
load-issuance,N100-C8-R1,100,8,1,61,0x318169d7209a0a3918367a0a22287de1e9d5287518fc8c35fd07a72c371b3eba,26,128085,2000000000,256170000000000,45.28949699999066,329.699621000007,374.9891179999977,true
load-issuance,N100-C8-R1,100,8,1,62,0x1e8f53735e372db3582a01bc523fc6e537eb3ed1493e63f90396e722727c0d56,26,128097,2000000000,256194000000000,45.22374800001853,329.70022899998,374.92397699999856,true
load-issuance,N100-C8-R1,100,8,1,63,0x03223fbf67a07b8d4aa82c4cd3d1aa1598fe402783ff3548a6d2597529df8430,26,128085,2000000000,256170000000000,45.19454999998561,329.7016500000027,374.8961999999883,true
load-issuance,N100-C8-R1,100,8,1,64,0xfc571b0b9b042884db843185835a2d585bdc49e5e2c8935d114e4f2771f04e18,27,128097,2000000000,256194000000000,41.66184000001522,373.82189599997946,415.4837359999947,true
load-issuance,N100-C8-R1,100,8,1,65,0xbbda06e16f01502fb40fd016859f817150c1d8238db86a1842297d4ed175149d,27,128097,2000000000,256194000000000,41.59820099998615,373.82002000001376,415.4182209999999,true
load-issuance,N100-C8-R1,100,8,1,66,0x2fa2a76ba5d207aebf220e62a8ecaa4a97e8a2103204d38396dcb83a58f1aa27,27,128085,2000000000,256170000000000,41.57354499999201,373.8223149999976,415.3958599999896,true
load-issuance,N100-C8-R1,100,8,1,67,0xc05fbeabe915ca2872f8c818f009ab7dcc6ad54c82cbd68c130134137d6192fc,27,128085,2000000000,256170000000000,41.551678000018,373.8232989999815,415.3749769999995,true
load-issuance,N100-C8-R1,100,8,1,68,0x9d477b428a7a38b30df6ce3b03bf65a5c53ebe81120049caab659994b3c4c52a,27,128097,2000000000,256194000000000,41.53192099998705,373.82391800000914,415.3558389999962,true
load-issuance,N100-C8-R1,100,8,1,69,0x5f2e34716610213065b2fbc48b97f84720d9a0817e02b3357450993737d6f674,27,128097,2000000000,256194000000000,41.510313000006136,373.8247679999913,415.33508099999744,true
load-issuance,N100-C8-R1,100,8,1,70,0x902648657b4a318742d88abf109b34a77058c938301763c3b0a166bec43d1ac2,27,128097,2000000000,256194000000000,41.489417999982834,373.8252030000149,415.3146209999977,true
load-issuance,N100-C8-R1,100,8,1,71,0xc375e3f8bc5e1e4e04796a5acee152543ee188ffe464860d339ea540a7434e77,27,128085,2000000000,256170000000000,41.45939100001124,373.82535500000813,415.28474600001937,true
load-issuance,N100-C8-R1,100,8,1,72,0xd23d38ed43051c453cb40daa5beffc51e254be3167c4161a6f077755e0881664,28,128097,2000000000,256194000000000,41.58092900001793,458.45495200000005,500.035881000018,true
load-issuance,N100-C8-R1,100,8,1,73,0xe9b9a823500632abbfd9066cae307390d2c060bde47ba386c664f0670a6e0e3c,28,128097,2000000000,256194000000000,41.511733000021195,458.45932599998196,499.97105900000315,true
load-issuance,N100-C8-R1,100,8,1,74,0xb4257d3f1fe0b9e565e327bff73bddd4cf63f7b1adb6f181612f4b2a3ba5daca,28,128085,2000000000,256170000000000,41.485175000008894,458.47804899999755,499.96322400000645,true
load-issuance,N100-C8-R1,100,8,1,75,0x88c8dd79955caf942153e0de90e48b4ac8a113db9937ad0f21bb18c56c10fc72,28,128085,2000000000,256170000000000,40.95641899999464,458.4915050000127,499.44792400000733,true
load-issuance,N100-C8-R1,100,8,1,76,0xf0000b9541e814f9fc61ffcc993414089fdf452e6b7dd8da7065d4e2df983919,28,128097,2000000000,256194000000000,40.92690500000026,458.4931940000097,499.42009900000994,true
load-issuance,N100-C8-R1,100,8,1,77,0x4c459518c2c83a545f2b3557f531a291f8414d8215c49ac9f179dfc051765c74,28,128097,2000000000,256194000000000,40.904879000008805,458.49434100001235,499.39922000002116,true
load-issuance,N100-C8-R1,100,8,1,78,0xdcd39f02b6b582c16174e579d82cb4f6b503eb40355fd27b0e3f071ae4b98237,28,128097,2000000000,256194000000000,40.881976999982726,458.49533999999403,499.37731699997676,true
load-issuance,N100-C8-R1,100,8,1,79,0x6bf184a5170c52bac8addba595b80681c3726ad137d27e686032845b58f9f165,28,128097,2000000000,256194000000000,40.85024500000873,458.4965179999999,499.34676300000865,true
load-issuance,N100-C8-R1,100,8,1,80,0x48f600350a00f8685abc27be4bc2811a5bfebf8ff4a7728991150898dc94eedf,29,128097,2000000000,256194000000000,53.164944999996806,370.07907899998827,423.2440239999851,true
load-issuance,N100-C8-R1,100,8,1,81,0x997bf002111439a28785c14bbba38f51911fc9587bcbcaef2bccdd5cdee5ed1c,29,128097,2000000000,256194000000000,53.0869750000129,370.07322200000635,423.16019700001925,true
load-issuance,N100-C8-R1,100,8,1,82,0x256db70ab600df829c8594c0ed076ba44c0b29c8cdfc110b3ef5f2b7ec87c984,29,128097,2000000000,256194000000000,53.06032200000482,370.0745449999813,423.1348669999861,true
load-issuance,N100-C8-R1,100,8,1,83,0x54da01801cc72f718ec3666109da375a939a56d8fea5000f54902fadfe462144,29,128097,2000000000,256194000000000,53.03758599999128,370.0757759999833,423.1133619999746,true
load-issuance,N100-C8-R1,100,8,1,84,0x324ea49b69ace58fc8baaee6582b1ddf08267034eec06de7d1ae67a9876b4ece,29,128085,2000000000,256170000000000,52.961072000005515,370.0766000000003,423.03767200000584,true
load-issuance,N100-C8-R1,100,8,1,85,0x915ae8e3423d187669874bc220dd5eb5e34afbb15bdfdf750284a84de8539f4a,29,128085,2000000000,256170000000000,52.93846199999098,370.07781899999827,423.01628099998925,true
load-issuance,N100-C8-R1,100,8,1,86,0xe42bb70886f034224d4d89561f8ace9009c45f9f6afd65ff665f6d87b1867752,29,128097,2000000000,256194000000000,52.91708500002278,370.07774199999403,422.9948270000168,true
load-issuance,N100-C8-R1,100,8,1,87,0x34508f852a70e70a313e55010953ed4b5c906e2a167fb4b40b6ff7bb4f667ff7,29,128097,2000000000,256194000000000,52.882001000019955,370.0783939999819,422.9603950000019,true
load-issuance,N100-C8-R1,100,8,1,88,0xf697201731a613faa30688450d9156e7ac5ea4c17eba67e1677fd9eb53b26c6d,30,128097,2000000000,256194000000000,42.02250700001605,377.0257810000039,419.04828800001997,true
load-issuance,N100-C8-R1,100,8,1,89,0x50d7f73a0cb92eff9faca5cf7b1c674c4ba878ec549a14e707620df43c6b627d,30,128097,2000000000,256194000000000,41.95829800001229,377.0210500000103,418.9793480000226,true
load-issuance,N100-C8-R1,100,8,1,90,0xc9f40c82f1d7decb8e8d7cb9de485236b077f029ed8f172d79f103b7415c9de7,30,128097,2000000000,256194000000000,41.9327930000145,377.02282499999274,418.95561800000723,true
load-issuance,N100-C8-R1,100,8,1,91,0x045222219734801db1c21143380ad8a9467265612893f58d0e4d7721052ccc7e,30,128097,2000000000,256194000000000,41.91120500001125,377.0238360000076,418.9350410000188,true
load-issuance,N100-C8-R1,100,8,1,92,0xa6b99ffce4e3099b349190875d12e48405da6e92cf285738eae25c56b31694cb,30,128085,2000000000,256170000000000,41.89146000001347,377.0246390000102,418.9160990000237,true
load-issuance,N100-C8-R1,100,8,1,93,0x0a04334261fff31dd05a41c554a7f863a0bd1ea217c2940be81959ebd5e7e82f,30,128097,2000000000,256194000000000,41.86905799998203,377.0257440000132,418.89480199999525,true
load-issuance,N100-C8-R1,100,8,1,94,0x0ef4bd00a01bfd7392a71afa450d421b7ddeb61fe629b8585f8acf092aa7c846,30,128085,2000000000,256170000000000,41.848892999987584,377.02631000001566,418.87520300000324,true
load-issuance,N100-C8-R1,100,8,1,95,0xd2467b569316817905eaf88a5bd03578b9d0553bd75c4dcc6e528580dcc3c69b,30,128097,2000000000,256194000000000,41.819607999990694,377.02719200000865,418.84679999999935,true
load-issuance,N100-C8-R1,100,8,1,96,0x735062227d24e2cb29415bedad333a065608ee8992c8b7e8ba56e5930414c5ed,31,128085,2000000000,256170000000000,37.89470499998424,331.7500010000076,369.64470599999186,true
load-issuance,N100-C8-R1,100,8,1,97,0xe52dce33add62a4801598a009992ccb8b206889ff0c6f7dd633b64ef24de95b5,31,128097,2000000000,256194000000000,37.83587200002512,331.744663999998,369.58053600002313,true
load-issuance,N100-C8-R1,100,8,1,98,0xe1bc8efb5225dc37736228bb6f32cd38b1df82ef5674a7b2c341cb35123d1d2a,31,128097,2000000000,256194000000000,37.81220500002382,331.74580999999307,369.5580150000169,true
load-issuance,N100-C8-R1,100,8,1,99,0x34c56c64996056959e5919d35b9c3ef31c2dfed6221c4f1005f1cba07ea4c4be,31,128097,2000000000,256194000000000,37.78865100000985,331.74712700000964,369.5357780000195,true
student-registration,N100-C8-R2,,,,,0xe99b0a451ac46e68d1db83dc5cb7d546fd8f622b8648afbaaaa9ec9ba783f8f1,2,69996,2000000000,139992000000000,57.725898000004236,200.39024099998642,258.11613899999065,true
university-registration,N100-C8-R2,,,,,0x2cc952f4a87b049fe255a9b5dd82c8d06bb038c52df9e9a3282d711308241498,3,116117,2000000000,232234000000000,65.9316289999988,198.8469299999997,264.7785589999985,true
approval,N100-C8-R2,,,,,0x7de83148f36aff846a0fb0c70abc256b33e61e34f8a1589b23feebb11972476a,4,29108,2000000000,58216000000000,58.8733470000152,203.18940199998906,262.06274900000426,true
university-registration,N100-C8-R2,,,,,0x90a008e592bf3608986d7f3f742076fe15461e3249dd45556f591e7ea2129990,5,99017,2000000000,198034000000000,91.1087750000006,175.87098100001458,266.9797560000152,true
approval,N100-C8-R2,,,,,0x2a7f7922da02a89e6da668518e1ba7c893617730abccd72175ebb5e8ae177c6e,6,29108,2000000000,58216000000000,63.503765999979805,159.30639800001518,222.81016399999498,true
university-registration,N100-C8-R2,,,,,0xbfa020197992959ac64b4a9268becdfec8ace8f7d163e4315c0a6b2ed3e11684,7,99017,2000000000,198034000000000,63.00706999999238,201.16544300000533,264.1725129999977,true
approval,N100-C8-R2,,,,,0xd09904678371e8f5da7968f4e011a42c2f5cb175442e66a7cb94ec9e5f91d374,8,29108,2000000000,58216000000000,62.60834900001646,201.4026469999808,264.01099599999725,true
university-registration,N100-C8-R2,,,,,0xc0a13757b334f7a5e49bb21be3e8c0b348c40be4f15a10deb0b7e1cae54f16a1,9,99017,2000000000,198034000000000,103.5670879999816,161.66235900000902,265.2294469999906,true
approval,N100-C8-R2,,,,,0x5a02caf239f3618a3bf5e3a7469e3b64f0aaa7aad6badcd67ab3f23c50fcbd5b,10,29108,2000000000,58216000000000,80.02150399997481,218.57108600001084,298.59258999998565,true
university-registration,N100-C8-R2,,,,,0x0275507568cdf6f5cf2e9ecbb4c8cbedc32d9c99234ef1431166e98fa8e2ff21,11,99017,2000000000,198034000000000,73.34700899999007,160.2048289999948,233.55183799998485,true
approval,N100-C8-R2,,,,,0x5ea2940579bd6a5a5a51fcf71a2c75687bbd21dd63bac19e5185b1780d567595,12,29108,2000000000,58216000000000,60.38154100000975,200.87591000000248,261.2574510000122,true
university-registration,N100-C8-R2,,,,,0xe8c711c12c193b7d0916cba591a5c5ade8bb3aeb88247c2d5785014ecc57b28c,13,99017,2000000000,198034000000000,84.02282899999409,163.94084700001986,247.96367600001395,true
approval,N100-C8-R2,,,,,0x998cd73612e04b97e5b0832d153a360a9ed0d6bbd97b952b50866f6658ba7873,14,29108,2000000000,58216000000000,63.504564999981085,209.28739300000598,272.79195799998706,true
university-registration,N100-C8-R2,,,,,0x8e81f969a21f556c8f4fa8b66358884eb370d7d1d513035e5943aeeb972254d4,15,99017,2000000000,198034000000000,86.32308599998942,201.88597299999674,288.20905899998615,true
approval,N100-C8-R2,,,,,0x0d365ba359231ffed0a7076cd334fe900359679b0697c54c06c7e5673f83e6da,16,29108,2000000000,58216000000000,66.61790899999323,202.4893860000011,269.10729499999434,true
university-registration,N100-C8-R2,,,,,0x8e095afab12f1b012fd5816b52514e050e50de4a4a0bf3b365718a938ed52768,17,99017,2000000000,198034000000000,70.20353200001409,166.3769939999911,236.5805260000052,true
approval,N100-C8-R2,,,,,0x5df53e6b6b909757bbf487ce8521d74f5a9eb931c5162b2f936ed7ecc544c642,18,29108,2000000000,58216000000000,76.5535609999788,201.28843600000255,277.84199699998135,true
load-issuance,N100-C8-R2,100,8,2,0,0x842fd77248167d2242eabbb6a3384fddcb4784a60553fc7cd2dfe4f4337e6206,19,145185,2000000000,290370000000000,44.88006300001871,344.94000999999116,389.82007300000987,true
load-issuance,N100-C8-R2,100,8,2,1,0x893132fd8914c08698233dc2c6a21e1f5a5831dde2e1ed43c0e821338ef79d3e,19,128097,2000000000,256194000000000,44.80316599999787,344.9388779999863,389.74204399998416,true
load-issuance,N100-C8-R2,100,8,2,2,0xc28ba587696f80bfb142a4e893e506336763a39a1e496c12f0d29e39ccb27c3b,19,128097,2000000000,256194000000000,44.77789700002177,344.9404219999851,389.7183190000069,true
load-issuance,N100-C8-R2,100,8,2,3,0x9d29769cc0ae8b27ecb771f1ef42d6d9c4ba1c10ad2beda21910cc6751f453d6,19,128097,2000000000,256194000000000,44.75771299999906,344.9403549999988,389.6980679999979,true
load-issuance,N100-C8-R2,100,8,2,4,0xc99e302726a28f8248b88201943df1bd19e645807981334f8ec8ba901cecd29b,19,128097,2000000000,256194000000000,44.737510000006296,344.9412960000045,389.6788060000108,true
load-issuance,N100-C8-R2,100,8,2,5,0xbeaf7a1742466c4ec4279d89abfaf437122fb85e5dfa05c59922049012088314,19,128097,2000000000,256194000000000,44.71527699998114,344.94181800002116,389.6570950000023,true
load-issuance,N100-C8-R2,100,8,2,6,0x70660c13123935201e8f735a1ac5d2c3fa4ff3eb3aabff2353d8f3746f09de1f,19,128097,2000000000,256194000000000,44.69362700000056,344.94236700001056,389.6359940000111,true
load-issuance,N100-C8-R2,100,8,2,7,0x6c6592c12a0f3f195d4425df2de0b0e2c8ee741616eddc730f600c555c4d2573,19,128085,2000000000,256170000000000,44.67283500000485,344.942108999996,389.61494400000083,true
load-issuance,N100-C8-R2,100,8,2,8,0x5532e2b5623e0c0edbeecb72c9923e86af1d8c895415ad29c12b50c95b9b45a4,20,128097,2000000000,256194000000000,47.60120800000732,285.73867900000187,333.3398870000092,true
load-issuance,N100-C8-R2,100,8,2,9,0x95bf0c49ce5ae7eafaadb318b6b076da2eaab2fb4a9947cc3c55863949bb3347,20,128097,2000000000,256194000000000,47.526696999993874,285.7313419999846,333.25803899997845,true
load-issuance,N100-C8-R2,100,8,2,10,0xad479d1195f091fd4068ce4e38b44b53ea3deae19aa250237a32d585265fbc84,20,128097,2000000000,256194000000000,47.49883499997668,285.7323010000109,333.2311359999876,true
load-issuance,N100-C8-R2,100,8,2,11,0xc97bfd9565018ba904bc4b648f7a6121af88dc110c49d05326f5fb4f95f381d7,20,128073,2000000000,256146000000000,47.47441799999797,285.73405299999285,333.2084709999908,true
load-issuance,N100-C8-R2,100,8,2,12,0x4f0280a4182c215adb74b5ab27b3e448093c31605f41a3a84eb54a7056a155bb,20,128097,2000000000,256194000000000,47.453481999982614,285.7360130000161,333.1894949999987,true
load-issuance,N100-C8-R2,100,8,2,13,0x77130430d111a30cfb05a8e0f6a427fa579e0c5e1c1b5af28e97f0e56a4d53bf,20,128097,2000000000,256194000000000,47.43339300001389,285.73646099999314,333.16985400000704,true
load-issuance,N100-C8-R2,100,8,2,14,0x3d0eba9596fdbb4e5ea8eee06959efc167aaf0bc7d194a6f4913bfd215fec146,20,128097,2000000000,256194000000000,47.411882000014884,285.7382090000028,333.1500910000177,true
load-issuance,N100-C8-R2,100,8,2,15,0xaebf12e46471071bc7250cc6abcc390b0270bc2c1226e061e805bd1d0c3f04f9,20,128097,2000000000,256194000000000,47.383505999983754,285.73937300001853,333.1228790000023,true
load-issuance,N100-C8-R2,100,8,2,16,0x686536187f04ed63b8aaf624f1f22f886df71d1398a6b13b5334c58051d95405,21,128097,2000000000,256194000000000,41.679650000005495,291.48421500000404,333.16386500000954,true
load-issuance,N100-C8-R2,100,8,2,17,0x414ab400e81a59fef31546fd7afa11cccdd9e4c06b357f544d844dc0a86f1ea2,21,128097,2000000000,256194000000000,41.63134999998147,291.461632999999,333.09298299998045,true
load-issuance,N100-C8-R2,100,8,2,18,0xbe727ee48f7083646aad83e8bd70e0fb580a33ec8ee440ace76e34886b644871,21,128097,2000000000,256194000000000,41.60711500002071,291.4610339999781,333.0681489999988,true
load-issuance,N100-C8-R2,100,8,2,19,0xed7825da7af9ef3e735c81b69d09ce73c9ad6e0172d60a9e4ed1d7970082ca95,21,128097,2000000000,256194000000000,41.58612500000163,291.4611309999891,333.04725599999074,true
load-issuance,N100-C8-R2,100,8,2,20,0x3e026edce3c9ddd421b609fe1459825e865cb258bf3eb63f3761d759103cf354,21,128097,2000000000,256194000000000,41.565543999982765,291.4616099999985,333.02715399998124,true
load-issuance,N100-C8-R2,100,8,2,21,0xbdda55f66f9e3e6f3c3f614b174edeb0d010cf5489ae99668d6d9c7aaf9cfa1e,21,128097,2000000000,256194000000000,41.54478100000415,291.46232600000803,333.0071070000122,true
load-issuance,N100-C8-R2,100,8,2,22,0x61232168843db6d24329d6f5f6d1aa920cfdb5f86f7cc6332c0ccc619a5a8f85,21,128097,2000000000,256194000000000,41.52422099999967,291.4622780000209,332.98649900002056,true
load-issuance,N100-C8-R2,100,8,2,23,0x6bcd34f0c1147f532b5e982bacc3ac79dae417409ac8f3e0022db71eda1f9906,21,128097,2000000000,256194000000000,41.49351800000295,291.4631450000161,332.95666300001903,true
load-issuance,N100-C8-R2,100,8,2,24,0x590c38adade5805ca4a80e54d1bed2f17560da4dc286557a8c855d5195484269,22,128097,2000000000,256194000000000,45.26787600002717,363.60899399998016,408.87687000000733,true
load-issuance,N100-C8-R2,100,8,2,25,0x2e458f3603bd2df89347e9fce463f7b09a6661a4f142ca7082c39ee1523b7df4,22,128097,2000000000,256194000000000,45.03921699998318,363.6050629999954,408.6442799999786,true
load-issuance,N100-C8-R2,100,8,2,26,0x984baba831d0783899680e80731b3d8febc11bb072951271bbb573a07c0c5ee1,22,128097,2000000000,256194000000000,45.00647600000957,363.6068110000051,408.6132870000147,true
load-issuance,N100-C8-R2,100,8,2,27,0xdfc903fa8e867aa5e3353d9aae433efe47bb881493b097feb0d059a75509ddaa,22,128097,2000000000,256194000000000,44.98458399999072,363.60705799999414,408.59164199998486,true
load-issuance,N100-C8-R2,100,8,2,28,0xefaad1ed0ea8ce437bf6040f5c89d5616da360f73c3171e06dde9b6463810a87,22,128085,2000000000,256170000000000,44.962197999993805,363.6070940000063,408.56929200000013,true
load-issuance,N100-C8-R2,100,8,2,29,0x10a722408f0954076781c753d355b6ba9fe5cf13409f81caff660ceb20e95e64,22,128097,2000000000,256194000000000,44.93912900000578,363.6091889999807,408.54831799998647,true
load-issuance,N100-C8-R2,100,8,2,30,0xc4ce219534baef7edaa86b77b6d1a60ae9cbd1762915d0e9c410f0eb0f417c13,22,128085,2000000000,256170000000000,44.906392000004416,363.60953499999596,408.5159270000004,true
load-issuance,N100-C8-R2,100,8,2,31,0x404d93ffb09dd96b02774015f3f6859f4a1e48b887eb9c9d5d8b4a775bca21fa,22,128097,2000000000,256194000000000,44.87418400001479,363.6105099999986,408.4846940000134,true
load-issuance,N100-C8-R2,100,8,2,32,0xb3c7c7f7b11eee9ad66cb33352398d9af46c721d5d71155df31b09cd7b5e34ec,23,128097,2000000000,256194000000000,40.68967400002293,327.3918699999922,368.0815440000151,true
load-issuance,N100-C8-R2,100,8,2,33,0xf1b100defa45e61b15c219d30538341ba95f837fa4460dbe566bf50d235cccd6,23,128097,2000000000,256194000000000,40.625548000010895,327.3890819999797,368.0146299999906,true
load-issuance,N100-C8-R2,100,8,2,34,0xa6e0bb8cc893bd244bdc26fe19827a72f5018a4b9e732332c38a79e02df75806,23,128085,2000000000,256170000000000,40.599778999981936,327.390819000022,367.99059800000396,true
load-issuance,N100-C8-R2,100,8,2,35,0x6114e3f106152c0212c4d2ccf7e0fee2d2a33a0892d179398281506bf1f4d3e0,23,128097,2000000000,256194000000000,40.578008999989834,327.3913750000065,367.96938399999635,true
load-issuance,N100-C8-R2,100,8,2,36,0xe807500c1e8635956a21cd9b55d077fdd0cd583cd048fb43c2cb48fb39d6f8e3,23,128097,2000000000,256194000000000,40.556795999989845,327.3923500000092,367.949145999999,true
load-issuance,N100-C8-R2,100,8,2,37,0xa8d83acee66634aaab67491bb6f7e5ef8c8970ce32c3c7cf94cc4794c493dbb9,23,128097,2000000000,256194000000000,40.53694600000745,327.3926870000141,367.92963300002157,true
load-issuance,N100-C8-R2,100,8,2,38,0x8e2f6dcfb088dfd12efc51b851c85fc241c380bc0ab5325b4266770bd48a5fb7,23,128097,2000000000,256194000000000,40.51683799998136,327.3928930000111,367.90973099999246,true
load-issuance,N100-C8-R2,100,8,2,39,0xe6987ae5b1c9b2c1b2ca903a5594e751bea544da44701e0f5065d63e71403cce,23,128085,2000000000,256170000000000,40.48727899999358,327.3932110000169,367.88049000001047,true
load-issuance,N100-C8-R2,100,8,2,40,0xcfe7f0602ba05e98ae8bd178ca8e3fa3ce0b97f932dbb1b91fecaaf3ca151229,24,128097,2000000000,256194000000000,46.24319799998193,360.7249160000065,406.9681139999884,true
load-issuance,N100-C8-R2,100,8,2,41,0x57b2d3a78c75f77fd55c74a794da77db2246aa64bac8880fe58af456cdbfb7ff,24,128097,2000000000,256194000000000,46.17928599999868,360.72417299999506,406.90345899999375,true
load-issuance,N100-C8-R2,100,8,2,42,0x07a0fed74a4c0b49390441f5d0c1f2f608cc7744d65292be445e01f109a4b76e,24,128097,2000000000,256194000000000,46.15516899997601,360.72615699999733,406.88132599997334,true
load-issuance,N100-C8-R2,100,8,2,43,0x980da181b61ed764fc3f6ada128813e6a6f53dc790312e1f4e30eaca3a18cc63,24,128085,2000000000,256170000000000,46.132646999991266,360.7267189999984,406.8593659999897,true
load-issuance,N100-C8-R2,100,8,2,44,0x84b2be2fbb42e811fbcb837e4e8d65e3dc56122ec3f70b110c7336b4274ba1cc,24,128097,2000000000,256194000000000,46.11235300000408,360.72717999998713,406.8395329999912,true
load-issuance,N100-C8-R2,100,8,2,45,0x969fc35f2153538b92a65ba0f14b15a0456ff771f90be73559e3614531d1e96d,24,128097,2000000000,256194000000000,46.10794000001624,360.7127629999886,406.82070300000487,true
load-issuance,N100-C8-R2,100,8,2,46,0xcf0c75c24a86c38f3eedbc9bce23140c429bef40d43c20439249e6782f5a98c5,24,128097,2000000000,256194000000000,46.08657100002165,360.71249199999147,406.7990630000131,true
load-issuance,N100-C8-R2,100,8,2,47,0x2aa6d65fe3a0585758779fd456202d378c8f52e7ed2b839ba7d92d305e794a64,24,128097,2000000000,256194000000000,46.05643399999826,360.7130039999902,406.76943799998844,true
load-issuance,N100-C8-R2,100,8,2,48,0xbf6838dca20adbceea6d0606d5cd08388227ec8b4827083dcd9286fc8a59f0cd,25,128097,2000000000,256194000000000,40.543808999995235,345.8929809999827,386.4367899999779,true
load-issuance,N100-C8-R2,100,8,2,49,0xe9a78a4292c2097efa03b92c2eb9b85e0cf1137496b36ea47b4472f5869ada7c,25,128097,2000000000,256194000000000,40.47549000001163,345.8932119999954,386.36870200000703,true
load-issuance,N100-C8-R2,100,8,2,50,0x3cbdf66a01538b06f951b35915b6f5ebfaecf5999bbdedc4c41654a457b3ff14,25,128097,2000000000,256194000000000,40.45112000001245,345.8948059999966,386.34592600000906,true
load-issuance,N100-C8-R2,100,8,2,51,0xe0225c080e947fa22bd76b323048ed4aaa68261df99c745702766e397571210e,25,128097,2000000000,256194000000000,40.428183999989415,345.89624000000185,386.32442399999127,true
load-issuance,N100-C8-R2,100,8,2,52,0xf57743600a30f9fc0b6db137781e089fb8e21bc2fff73ef0858885a8b68448dc,25,128097,2000000000,256194000000000,40.407302000006894,345.89772899998934,386.30503099999623,true
load-issuance,N100-C8-R2,100,8,2,53,0xfc150ac089d74a4d9a6f420e223d4464fe36d03b958f14bc182c0c34aae9aaef,25,128097,2000000000,256194000000000,40.385433000017656,345.89934400000493,386.2847770000226,true
load-issuance,N100-C8-R2,100,8,2,54,0x85f0779efc4271e85f532ce5a3e3f6ebef74f1db0178d30d23b44d73533b0dbe,25,128085,2000000000,256170000000000,40.36435300001176,345.90019099999336,386.2645440000051,true
load-issuance,N100-C8-R2,100,8,2,55,0xc74237ed5a4aaf432e43853b549bc3483f948cd1456c6e0c05cf877e455e0ea3,25,128097,2000000000,256194000000000,40.33603899998707,345.9013220000197,386.2373610000068,true
load-issuance,N100-C8-R2,100,8,2,56,0xbbe6019ba70d9234f207b7f0b31835594ef157cbf47d069faf026e946c357561,26,128085,2000000000,256170000000000,44.40484000000288,392.1917750000139,436.59661500001675,true
load-issuance,N100-C8-R2,100,8,2,57,0x24ee03ff4e11b1b8277b23ed2f9109a6763f0d83d554000b939ae3a1ca00b031,26,128097,2000000000,256194000000000,44.317207999993116,392.1844629999832,436.50167099997634,true
load-issuance,N100-C8-R2,100,8,2,58,0xc3b80560f7964b951acf68f049b6183aba60208cfecd5d0317fa23a6cf61bb52,26,128097,2000000000,256194000000000,44.29618200002005,392.1815270000079,436.47770900002797,true
load-issuance,N100-C8-R2,100,8,2,59,0x4c2e64b6c8cecacc8f4322b0e42375df5e82ba14df9aa479820936ec37aa40a3,26,128097,2000000000,256194000000000,44.333364999998594,392.12291999999434,436.45628499999293,true
load-issuance,N100-C8-R2,100,8,2,60,0x96ba790246dfefe1b2e7d21304985a25f0933266607729c74f9ff62955746c27,26,128097,2000000000,256194000000000,44.31527299998561,392.1217959999922,436.4370689999778,true
load-issuance,N100-C8-R2,100,8,2,61,0xa4b4ddfde3f17c5152ad3720feefb4ce872ef42b3493d814cf478e6d0f8529fb,26,128097,2000000000,256194000000000,44.29517199998372,392.1226630000165,436.4178350000002,true
load-issuance,N100-C8-R2,100,8,2,62,0xbf961a84da3ccbe5e400fdc3c213a9a709f9ab6b4e66f65ac6c5681ccfd4cef2,26,128097,2000000000,256194000000000,44.273729000007734,392.123087999993,436.39681700000074,true
load-issuance,N100-C8-R2,100,8,2,63,0xad91da2da6c236fe00f38e0107e8e4f5b8c12ea000aac93528269e562ce58f8e,26,128097,2000000000,256194000000000,44.23771299998043,392.12389300001087,436.3616059999913,true
load-issuance,N100-C8-R2,100,8,2,64,0x30268d2191cc06470ba025c4797852a4bd9c5b8c7cdee190b14f489ed13f02aa,27,128085,2000000000,256170000000000,41.33728300000075,457.73727599999984,499.0745590000006,true
load-issuance,N100-C8-R2,100,8,2,65,0xaf451ba278ae013dc2eab90e547c3c9a34416f725dca3464da774f576fbd6af8,27,128097,2000000000,256194000000000,40.16578400001163,457.821981999994,497.98776600000565,true
load-issuance,N100-C8-R2,100,8,2,66,0x52eaab8995fc60b62dc7de1057572f4aac3721098b71c98b1d9e9462da9c0a79,27,128097,2000000000,256194000000000,40.089732000022195,457.856311999989,497.94604400001117,true
load-issuance,N100-C8-R2,100,8,2,67,0xfd9ed9422518429f357dbb1f9f74225db469279afb05e3cfdc4ec5af21eafe9e,27,128097,2000000000,256194000000000,40.06540399999358,457.86066800000845,497.926072000002,true
load-issuance,N100-C8-R2,100,8,2,68,0x40527cf208f6b2b0c4ef9428333d79132853410f60e8b27cd45f691fb25ac654,27,128097,2000000000,256194000000000,40.042966000008164,457.8641869999992,497.9071530000074,true
load-issuance,N100-C8-R2,100,8,2,69,0xdb25e517858b94412545448caf2df11ea61503a876bf27d1d07bf79df51f28d0,27,128097,2000000000,256194000000000,40.02181100001326,457.867952999979,497.8897639999923,true
load-issuance,N100-C8-R2,100,8,2,70,0x038c39838db7a9b421494eab2c15fdc44d55a67fe56328ce07791cb3aadf70af,27,128085,2000000000,256170000000000,39.99834300001385,457.87220899999375,497.8705520000076,true
load-issuance,N100-C8-R2,100,8,2,71,0x8496ca8602ab4eabad70604ab274c9c2a9b4974844842ca7d76482942612aed4,27,128097,2000000000,256194000000000,39.96676899999147,457.8744379999989,497.8412069999904,true
load-issuance,N100-C8-R2,100,8,2,72,0x03b0508be420e80923f2b0815bd678d3af69ca40fd8e39f228fced7f00d6338f,28,128097,2000000000,256194000000000,54.54887400000007,450.7113360000076,505.26021000000765,true
load-issuance,N100-C8-R2,100,8,2,73,0x8dc08d06ef1178ef80668e40273acc49c10ec61294d07877f775763d2210514c,28,128097,2000000000,256194000000000,54.470092999981716,450.7182900000189,505.1883830000006,true
load-issuance,N100-C8-R2,100,8,2,74,0x0d08d632f2cb623de21478a2c892319dcc082fc8a9dd0219c93296881c572a62,28,128097,2000000000,256194000000000,54.440989000024274,450.7246579999919,505.1656470000162,true
load-issuance,N100-C8-R2,100,8,2,75,0x35045d18bccce574a03e0d4df9e2b71e9d365253f3ad10f7bd78ccab6c77fb19,28,128097,2000000000,256194000000000,54.417516000015894,450.7299219999986,505.1474380000145,true
load-issuance,N100-C8-R2,100,8,2,76,0xa227255170dc6f6eddba25b2b6622f67e19109853001964835e8d1c58947e4b4,28,128097,2000000000,256194000000000,54.396699000004446,450.7348110000021,505.13151000000653,true
load-issuance,N100-C8-R2,100,8,2,77,0x9a20ec400452ca76dfa650a5e16064df323d5501b475f4712c459e7cbb71d576,28,128097,2000000000,256194000000000,54.374721000000136,450.7374529999797,505.11217399997986,true
load-issuance,N100-C8-R2,100,8,2,78,0x215427fb1a9308382bf74226dd6289f63181412816a905c52c48c35e3b8a37dc,28,128097,2000000000,256194000000000,54.3530449999962,450.74053199999616,505.09357699999237,true
load-issuance,N100-C8-R2,100,8,2,79,0x69afdb434be88275aa1773d2bd60be471ae64bf65db4f6e1b683f4f225a1dc80,28,128097,2000000000,256194000000000,54.31685900001321,450.746604999993,505.0634640000062,true
load-issuance,N100-C8-R2,100,8,2,80,0xe5a9a466e98e72775b0209532cdec26365ae8bf45dc5502965f04b823516455d,29,128097,2000000000,256194000000000,61.91538500000024,383.71330500001204,445.6286900000123,true
load-issuance,N100-C8-R2,100,8,2,81,0x9b2e1cf40b5b8c1581040774b1dbb075ce18a2ac6f8c14ec7f39f4cd8acdeca2,29,128097,2000000000,256194000000000,61.767184000025736,383.70649299997604,445.47367700000177,true
load-issuance,N100-C8-R2,100,8,2,82,0x0dce4cbaf897c61b8a56c0e6f642eed18eda8077a1e8586a1948954546c92782,29,128085,2000000000,256170000000000,61.710753999999724,383.70711600000504,445.41787000000477,true
load-issuance,N100-C8-R2,100,8,2,83,0xf907254f078e49860baf8d71c577587528c1790009d78db92ead3cd72743233d,29,128097,2000000000,256194000000000,61.62512399998377,383.70794799999567,445.33307199997944,true
load-issuance,N100-C8-R2,100,8,2,84,0xeca4117c1ec9347d39b3931c6990d18694643b2c9cccd7180465cf9bf8a3367b,29,128097,2000000000,256194000000000,61.57318700000178,383.70822100000805,445.28140800000983,true
load-issuance,N100-C8-R2,100,8,2,85,0xc0f1f6a9de8bd9560f6de3c49666eda852c43be0e87f55ddff524870ba6064ed,29,128073,2000000000,256146000000000,61.52498300001025,383.7087499999907,445.23373300000094,true
load-issuance,N100-C8-R2,100,8,2,86,0xf3be238b237914b1bd61134c8b59354a3f1350a6ab2549aacc72a41c7294e7a4,29,128085,2000000000,256170000000000,61.43681300000753,383.7085950000037,445.14540800001123,true
load-issuance,N100-C8-R2,100,8,2,87,0xdda3a4802ccc9378abcd3e9c01d324df7b28314819fd2071bed657ca5b158c6a,29,128097,2000000000,256194000000000,61.37901599999168,383.70882199998596,445.08783799997764,true
load-issuance,N100-C8-R2,100,8,2,88,0x07c2157ef0cbadc7ac69b882055ca0f0cf89964d3024ec51486dfaeed95b7b71,30,128097,2000000000,256194000000000,43.255701999994926,348.9476030000078,392.20330500000273,true
load-issuance,N100-C8-R2,100,8,2,89,0xbabebe010d822b1322954db9d79d2ca8d94f5abbb25eb7e0ff0096a631fcbc19,30,128097,2000000000,256194000000000,43.19506399999955,348.944776999997,392.1398409999965,true
load-issuance,N100-C8-R2,100,8,2,90,0x10eaea61335d6b6aa9d2ab7a3cbf57c92474307c1dbfee1a7ac30fc0bc71dcf3,30,128085,2000000000,256170000000000,43.17063999999664,348.9476039999863,392.11824399998295,true
load-issuance,N100-C8-R2,100,8,2,91,0x7fadf2a20b7eb9399885c87c03c1423f41702990926c8897414ee6255ed2ef27,30,128097,2000000000,256194000000000,43.14943000001949,348.9573889999883,392.1068190000078,true
load-issuance,N100-C8-R2,100,8,2,92,0xd6886b5c2642994d8eaded35b5aa2872a1bbef43e05b4a36af9a72ea53338664,30,128097,2000000000,256194000000000,43.12947100002202,348.9594559999823,392.08892700000433,true
load-issuance,N100-C8-R2,100,8,2,93,0x85e41999d2c0b818ff520003457263b00b355dceb1cc1c0e26caef01bfb2db57,30,128097,2000000000,256194000000000,43.10925700000371,348.96378699998604,392.07304399998975,true
load-issuance,N100-C8-R2,100,8,2,94,0xa44cd779128d75e6bb1ed4a5a089c07dcc4114dab489c6c5c2517f6d6791627b,30,128097,2000000000,256194000000000,43.08794300002046,348.9669849999773,392.05492799999774,true
load-issuance,N100-C8-R2,100,8,2,95,0x321646bd42a532060089568ccb440fb1ead1231c61fc264adf06744865dd8042,30,128097,2000000000,256194000000000,43.05733199999668,349.0652790000022,392.12261099999887,true
load-issuance,N100-C8-R2,100,8,2,96,0x1765b0aec1a6026b2111cc11cee197c467a83bda4d6e397aa108857fa2d1262e,31,128085,2000000000,256170000000000,51.40060699998867,289.4833529999887,340.8839599999774,true
load-issuance,N100-C8-R2,100,8,2,97,0x92647061f90c7a585d0c1cb4c476272f6b7ee0f5e560985e496d510d27ce4c78,31,128085,2000000000,256170000000000,51.33016100001987,289.48124399999506,340.81140500001493,true
load-issuance,N100-C8-R2,100,8,2,98,0xd5572363093c674f8edd4a898857f37ef0d2da260d6a8b03f848626a6a24087b,31,128097,2000000000,256194000000000,51.30595999999787,289.4828419999976,340.7888019999955,true
load-issuance,N100-C8-R2,100,8,2,99,0x90f7eb9c297c0f9458d0646f699a455c761baf69e78fcc84cc62398dcb7476f9,31,128085,2000000000,256170000000000,51.282202000002144,289.48403799999505,340.7662399999972,true
student-registration,N100-C8-R3,,,,,0x82332ab35e1adad6c8927d65dc5659a8e7455157f33d1f83fdfc11f2905d7865,2,69996,2000000000,139992000000000,81.36652900002082,163.44186699998681,244.80839600000763,true
university-registration,N100-C8-R3,,,,,0x2cc952f4a87b049fe255a9b5dd82c8d06bb038c52df9e9a3282d711308241498,3,116117,2000000000,232234000000000,77.01080999997794,166.9224910000048,243.93330099998275,true
approval,N100-C8-R3,,,,,0x7de83148f36aff846a0fb0c70abc256b33e61e34f8a1589b23feebb11972476a,4,29108,2000000000,58216000000000,62.58702199999243,232.04600999999093,294.63303199998336,true
university-registration,N100-C8-R3,,,,,0x90a008e592bf3608986d7f3f742076fe15461e3249dd45556f591e7ea2129990,5,99017,2000000000,198034000000000,87.78591800000868,166.9560300000012,254.74194800000987,true
approval,N100-C8-R3,,,,,0x2a7f7922da02a89e6da668518e1ba7c893617730abccd72175ebb5e8ae177c6e,6,29108,2000000000,58216000000000,82.7640309999988,161.0449259999732,243.808956999972,true
university-registration,N100-C8-R3,,,,,0xbfa020197992959ac64b4a9268becdfec8ace8f7d163e4315c0a6b2ed3e11684,7,99017,2000000000,198034000000000,112.7551370000001,161.1264760000049,273.881613000005,true
approval,N100-C8-R3,,,,,0xd09904678371e8f5da7968f4e011a42c2f5cb175442e66a7cb94ec9e5f91d374,8,29108,2000000000,58216000000000,66.78338199999416,207.38527100000647,274.16865300000063,true
university-registration,N100-C8-R3,,,,,0xc0a13757b334f7a5e49bb21be3e8c0b348c40be4f15a10deb0b7e1cae54f16a1,9,99017,2000000000,198034000000000,93.91446800000267,163.41283399998792,257.3273019999906,true
approval,N100-C8-R3,,,,,0x5a02caf239f3618a3bf5e3a7469e3b64f0aaa7aad6badcd67ab3f23c50fcbd5b,10,29108,2000000000,58216000000000,67.37618399999337,206.97894299999462,274.355126999988,true
university-registration,N100-C8-R3,,,,,0x0275507568cdf6f5cf2e9ecbb4c8cbedc32d9c99234ef1431166e98fa8e2ff21,11,99017,2000000000,198034000000000,89.30288699999801,167.32050900001195,256.62339600000996,true
approval,N100-C8-R3,,,,,0x5ea2940579bd6a5a5a51fcf71a2c75687bbd21dd63bac19e5185b1780d567595,12,29108,2000000000,58216000000000,65.57454200001666,201.2746899999911,266.84923200000776,true
university-registration,N100-C8-R3,,,,,0xe8c711c12c193b7d0916cba591a5c5ade8bb3aeb88247c2d5785014ecc57b28c,13,99017,2000000000,198034000000000,70.63130499998806,157.94948000001023,228.5807849999983,true
approval,N100-C8-R3,,,,,0x998cd73612e04b97e5b0832d153a360a9ed0d6bbd97b952b50866f6658ba7873,14,29108,2000000000,58216000000000,59.27369100000942,204.44590099999914,263.71959200000856,true
university-registration,N100-C8-R3,,,,,0x8e81f969a21f556c8f4fa8b66358884eb370d7d1d513035e5943aeeb972254d4,15,99017,2000000000,198034000000000,74.17587999999523,203.95611600001575,278.131996000011,true
approval,N100-C8-R3,,,,,0x0d365ba359231ffed0a7076cd334fe900359679b0697c54c06c7e5673f83e6da,16,29108,2000000000,58216000000000,55.87666999999783,211.6247629999998,267.50143299999763,true
university-registration,N100-C8-R3,,,,,0x8e095afab12f1b012fd5816b52514e050e50de4a4a0bf3b365718a938ed52768,17,99017,2000000000,198034000000000,68.81480100000044,210.55358499998692,279.36838599998737,true
approval,N100-C8-R3,,,,,0x5df53e6b6b909757bbf487ce8521d74f5a9eb931c5162b2f936ed7ecc544c642,18,29108,2000000000,58216000000000,65.31693400000222,205.7943469999882,271.1112809999904,true
load-issuance,N100-C8-R3,100,8,3,0,0xb1e22d33910339afd7b09ec87fe5436973521965a90eeb33680925f846062e14,19,145197,2000000000,290394000000000,64.05989299999783,244.79268400001456,308.8525770000124,true
load-issuance,N100-C8-R3,100,8,3,1,0xde4d197b9caabac83f19fda0113eb01627a43514aef504e5b109288a6ad8f33c,19,128097,2000000000,256194000000000,63.96095099998638,244.78564400001778,308.74659500000416,true
load-issuance,N100-C8-R3,100,8,3,2,0xc97613b478eea8ddd95ab2397572eaf6346bfb3f96d9e541e6194fc6ca987d66,19,128097,2000000000,256194000000000,63.93472299998393,244.79002200000104,308.724744999985,true
load-issuance,N100-C8-R3,100,8,3,3,0x2678290984f908b9a397c3e968a6691f113eaff11ca2998099b59d065a8d5e90,19,128097,2000000000,256194000000000,63.90616700000828,244.7901219999767,308.696288999985,true
load-issuance,N100-C8-R3,100,8,3,4,0x6190b3c33b0916fa7e56078f4612341970caa2a142b275b90e57f613a999107c,19,128097,2000000000,256194000000000,63.884087000013096,244.79062799998792,308.674715000001,true
load-issuance,N100-C8-R3,100,8,3,5,0x693574b6a53bd6ca8163c0bea6308e2cafaf03c58610518af3514f061fdcb906,19,128097,2000000000,256194000000000,63.8630069999781,244.79036400001496,308.65337099999306,true
load-issuance,N100-C8-R3,100,8,3,6,0x5bfb0be7506f8708375ddb2bbfce41b8b1cc964fd24c99faa391c32026b3cc77,19,128085,2000000000,256170000000000,63.84199099999387,244.79088700001012,308.632878000004,true
load-issuance,N100-C8-R3,100,8,3,7,0x0252b51a6ee3fb644de037585ed5a25fb874b8bda8d33594b069be6af9f97020,19,128097,2000000000,256194000000000,63.7805159999989,244.791412999999,308.5719289999979,true
load-issuance,N100-C8-R3,100,8,3,8,0x8f81ef86af69f982beebc8062b9b49b602ee27b817ed6ebdc2fded42c2600873,20,128097,2000000000,256194000000000,40.02742200001376,372.0643549999804,412.0917769999942,true
load-issuance,N100-C8-R3,100,8,3,9,0xca1140c7a0283e3b6b096223555076e731d31b1b79452f90cc5ac6ee455549f4,20,128097,2000000000,256194000000000,39.96218700002646,372.0598999999929,412.0220870000194,true
load-issuance,N100-C8-R3,100,8,3,10,0x775671e59063d8d2b9ddc2df64cba87e076d7303a10042a6c33caaa26ffbfec7,20,128097,2000000000,256194000000000,39.93653899998753,372.06068700001924,411.9972260000068,true
load-issuance,N100-C8-R3,100,8,3,11,0xd42e0ccb459bb7a9913b60aab67c339d5d252845260cccb0977497113d373d5b,20,128073,2000000000,256146000000000,39.911736000009114,372.0619730000035,411.9737090000126,true
load-issuance,N100-C8-R3,100,8,3,12,0x076237c646b56589ec301d7e5dde9f0a399d5c6c0094dab648aeb9562cd0fcbf,20,128085,2000000000,256170000000000,39.88881199999014,372.06340700000874,411.9522189999989,true
load-issuance,N100-C8-R3,100,8,3,13,0xe9f4cd3e901dfce32f8308f13476848e81aaf1b6c08a922fed7f0aa0b851683b,20,128085,2000000000,256170000000000,39.86621999999625,372.06479299999774,411.931012999994,true
load-issuance,N100-C8-R3,100,8,3,14,0x2a1f85c9d8ae446123464062c007adcf671fe18e388d589461981b543340987b,20,128097,2000000000,256194000000000,39.84578599999077,372.0650329999917,411.91081899998244,true
load-issuance,N100-C8-R3,100,8,3,15,0x5626573e9b86775fea9ab700f2a891eeda70fb7595d3ad01d839ee42ca099888,20,128097,2000000000,256194000000000,39.81623299999046,372.06584700001986,411.8820800000103,true
load-issuance,N100-C8-R3,100,8,3,16,0x8acd59a88983fb2a9c1d72e6f63cf8a13ca11e85ba47629bd39de39c7a0d960b,21,128097,2000000000,256194000000000,43.864956000004895,412.58817900001304,456.45313500001794,true
load-issuance,N100-C8-R3,100,8,3,17,0x3858dc9e1d0d5ab9c10ccd35cb132005ef9027de153df16c5233301051d0f232,21,128097,2000000000,256194000000000,43.655721000017365,412.5813409999828,456.23706200000015,true
load-issuance,N100-C8-R3,100,8,3,18,0x717b861f65cc0196e44620f0d55bcdebbdb8aa94a60ef473575f87e9443ef344,21,128097,2000000000,256194000000000,43.615440999972634,412.5826410000154,456.19808199998806,true
load-issuance,N100-C8-R3,100,8,3,19,0x35247d67d7fb26c34658975588143f2a9838b017a376d813d9a08e74d4d2a270,21,128097,2000000000,256194000000000,43.59042399999453,412.58314800000517,456.1735719999997,true
load-issuance,N100-C8-R3,100,8,3,20,0xcac695270837d0782e0a7e3582186206906c4485c31cd8b75e0994561bfb314e,21,128097,2000000000,256194000000000,43.56597199998214,412.5844999999972,456.15047199997935,true
load-issuance,N100-C8-R3,100,8,3,21,0x4e4730416c4fce2e8ae36b0ea8df3b4530ac6f83e0e85f1fd5a15fa7ba372e2d,21,128097,2000000000,256194000000000,43.543387000012444,412.58571099999244,456.1290980000049,true
load-issuance,N100-C8-R3,100,8,3,22,0xf83b3e1d9cf68e1659955cb99891a332fa1eb1c4b72e137659474641014afcde,21,128097,2000000000,256194000000000,43.52110400001402,412.58629800000926,456.1074020000233,true
load-issuance,N100-C8-R3,100,8,3,23,0x6de400819ffd61db9aeb96e759f5135cb894d794fafcf5cdc50ecdbeeaba7191,21,128097,2000000000,256194000000000,43.48575299998629,412.58724500000244,456.07299799998873,true
load-issuance,N100-C8-R3,100,8,3,24,0xde2f804d1f45ff9f6748320426182b5339d4736cbbabcaf6ddbc6cd50e9dbd89,22,128097,2000000000,256194000000000,45.69505999999819,378.2340250000125,423.9290850000107,true
load-issuance,N100-C8-R3,100,8,3,25,0xd2dec88c109e0cae0208644f6ab8784a17ef8b20b9cd890f7638db83e2081249,22,128097,2000000000,256194000000000,45.63223600000492,378.22520899999654,423.85744500000146,true
load-issuance,N100-C8-R3,100,8,3,26,0x0356c9488af520188c401963d18312e076d68fa115a7f76a62b011a48e58dbca,22,128097,2000000000,256194000000000,45.60386499998276,378.2260720000195,423.82993700000225,true
load-issuance,N100-C8-R3,100,8,3,27,0x51291989a27b56da21d2405d0d598fac1c7890b4d41806938aa8e6693bade46f,22,128097,2000000000,256194000000000,45.579718000022694,378.2259109999868,423.8056290000095,true
load-issuance,N100-C8-R3,100,8,3,28,0x5b5508026339cc638108674523d19ed16b1e8081d4f5ea3b60a233eee77c3eef,22,128097,2000000000,256194000000000,45.556641999981366,378.2267320000101,423.78337399999145,true
load-issuance,N100-C8-R3,100,8,3,29,0xd0370d4c983959b2597196fcac8572582ed31ae7b33d42de35dcf6b7173b8246,22,128097,2000000000,256194000000000,45.53388200001791,378.22792400000617,423.7618060000241,true
load-issuance,N100-C8-R3,100,8,3,30,0xbd5bee29adcb84bb9e92eeb37493f633c0c4f9fc1cc497d822bfae4eef618b47,22,128097,2000000000,256194000000000,45.51381100001163,378.2276600000041,423.74147100001574,true
load-issuance,N100-C8-R3,100,8,3,31,0xc8fefe77a5e8ab4dd79be79c86f7fe1b536dd12872be4fab094b10bd2ca51d36,22,128097,2000000000,256194000000000,45.47448199999053,378.2285940000147,423.70307600000524,true
load-issuance,N100-C8-R3,100,8,3,32,0xba116b12d141ee4b05b00295d19d8fd24428fd4d91860b800d4835c7683cbba4,23,128097,2000000000,256194000000000,44.73904399998719,410.80512200001976,455.54416600000695,true
load-issuance,N100-C8-R3,100,8,3,33,0x79783112b6ae8a63afb71f8754da7876c296e810785db21aa19e983f517b2014,23,128085,2000000000,256170000000000,44.677937000000384,410.7979729999788,455.4759099999792,true
load-issuance,N100-C8-R3,100,8,3,34,0x64c385e63cc7306588a2ebb120cf37e88d54134582bf7008203ebde988d5fe94,23,128097,2000000000,256194000000000,44.65080800000578,410.80442299999413,455.4552309999999,true
load-issuance,N100-C8-R3,100,8,3,35,0x838416973f9fe67f04758cd3f3764bf1c5a449bd7e5ca15dc378a2b6ee08dc00,23,128085,2000000000,256170000000000,44.62776400000439,410.8048370000033,455.4326010000077,true
load-issuance,N100-C8-R3,100,8,3,36,0x34f1a6bc256bc42611047c1a54dfa6e3af87ad6260ed1661a66e199f2eb15244,23,128097,2000000000,256194000000000,44.60632999998052,410.8049860000028,455.41131599998334,true
load-issuance,N100-C8-R3,100,8,3,37,0x9fabf441559f73db5aaef4299a1b28647767e08f8802d53f7262d700acd0ff4e,23,128085,2000000000,256170000000000,44.58419200000935,410.80524699998205,455.3894389999914,true
load-issuance,N100-C8-R3,100,8,3,38,0x902d3fe2cc7fb93ef0b05d6d5765780a4ebac46ff1222083c4aa1c0d7f23957c,23,128097,2000000000,256194000000000,44.561584999988554,410.80533000000287,455.3669149999914,true
load-issuance,N100-C8-R3,100,8,3,39,0x1fc0cd8152e8c776dc051ebc79450191507abd203fe3cb2dba94b6f4a39a4e7d,23,128097,2000000000,256194000000000,44.52872399997432,410.8060200000182,455.3347439999925,true
load-issuance,N100-C8-R3,100,8,3,40,0x12649cfbe6fc996616c0e741fadf9555b4ff8d8dff6606b9bf0f1c94271f010a,24,128097,2000000000,256194000000000,40.9771850000252,375.1275869999954,416.1047720000206,true
load-issuance,N100-C8-R3,100,8,3,41,0x45cc81ba64c31c553a1856a569a2b3989f26dd3a074eb1b670c7ee2db9ee90c3,24,128097,2000000000,256194000000000,40.90861600000062,375.1243770000001,416.0329930000007,true
load-issuance,N100-C8-R3,100,8,3,42,0x367e4006956ed557743ee0020f7e7613d2d80fbec6053440ffe1b06a0e3a3a0d,24,128097,2000000000,256194000000000,40.881531999999424,375.1248290000076,416.006361000007,true
load-issuance,N100-C8-R3,100,8,3,43,0xd13dd797ba755fef0cc2c9874bab4b09a8f171d39ef0d85d95fef2a867c98226,24,128085,2000000000,256170000000000,40.82927699998254,375.1255020000099,415.9547789999924,true
load-issuance,N100-C8-R3,100,8,3,44,0xa5ac9cc9ea4c4b83a811bb56aa21d3b0e72186a8b63654b65b8f7d9aa07c22a9,24,128097,2000000000,256194000000000,40.80524099999457,375.125205999997,415.93044699999155,true
load-issuance,N100-C8-R3,100,8,3,45,0x5f5e804785912a434b12e526421d35b712ebd19c94864443578694cbb34f60b8,24,128085,2000000000,256170000000000,40.78231399998185,375.12630200001877,415.9086160000006,true
load-issuance,N100-C8-R3,100,8,3,46,0x7b136f8c692d15ee9cee650a7bff5af5d51ada53496718c261786cfb1b59160a,24,128097,2000000000,256194000000000,40.760634000005666,375.127187999984,415.8878219999897,true
load-issuance,N100-C8-R3,100,8,3,47,0xffccde9fd5d8cf4277d7210c48f78c03e56f8eaa733c06d33d18252d0488a851,24,128097,2000000000,256194000000000,40.72865699999966,375.1276620000135,415.8563190000132,true
load-issuance,N100-C8-R3,100,8,3,48,0xea9e04199ef294574bbd5d5c2b7ff8cb3a5fa23fde0e1136772304c8e9247205,25,128085,2000000000,256170000000000,50.7794709999871,502.5108350000228,553.2903060000099,true
load-issuance,N100-C8-R3,100,8,3,49,0x380ad334a0ffa3c9d0ef1cee40fb0be5e75276f106a88e0658210188d956c234,25,128097,2000000000,256194000000000,50.71182199998293,502.51307899999665,553.2249009999796,true
load-issuance,N100-C8-R3,100,8,3,50,0xf76d1a048e9c72198735c3a5e9c941921b89a92f83dd3e0b0d17a5329e18db1c,25,128097,2000000000,256194000000000,50.68307200001436,502.51479099999415,553.1978630000085,true
load-issuance,N100-C8-R3,100,8,3,51,0x8a6223a90932372bbc5a415c3d85b723cacf7a6c71f6007fed4d3de57ebf4777,25,128097,2000000000,256194000000000,50.658150000002934,502.51598299999023,553.1741329999932,true
load-issuance,N100-C8-R3,100,8,3,52,0xc5bf068bbf1208369b9aff8978a5d851b54dd6729abb8047f8c2bd437e9e0411,25,128085,2000000000,256170000000000,50.63565399998333,502.51668000000063,553.152333999984,true
load-issuance,N100-C8-R3,100,8,3,53,0xfd579328ec50ecf513bc8b671bfa69e89adff7706710f0c1aee605f72d9f2a34,25,128097,2000000000,256194000000000,50.61314699999639,502.5163519999769,553.1294989999733,true
load-issuance,N100-C8-R3,100,8,3,54,0x3bf1967298a361888d67296eab95b0e3cda63cf98ba369c3e8b56a511bd0007f,25,128085,2000000000,256170000000000,50.591857999999775,502.51654099998996,553.1083989999897,true
load-issuance,N100-C8-R3,100,8,3,55,0x33be8f58ec0d7f21d30238e2c12c6be9489ae52455c5057368c622687954f493,25,128097,2000000000,256194000000000,50.55934500001604,502.5168180000037,553.0761630000197,true
load-issuance,N100-C8-R3,100,8,3,56,0x0286c78e271efe28829fd1d25ae359b6e53483e9ca8cae136913d6494657af54,26,128097,2000000000,256194000000000,44.49438800002099,418.71916099998634,463.21354900000733,true
load-issuance,N100-C8-R3,100,8,3,57,0x2b3f039826725895ab262a08767522b6a2707718fe9cbbb12f869ad1b2082326,26,128097,2000000000,256194000000000,44.422208999982104,418.7076039999956,463.12981299997773,true
load-issuance,N100-C8-R3,100,8,3,58,0x90c6c45c4bda4e2928a99296fb6f40ebfe4b092e64543cf775edfafcb68a12fa,26,128085,2000000000,256170000000000,44.39501800001017,418.7084399999876,463.1034579999978,true
load-issuance,N100-C8-R3,100,8,3,59,0xad343925766dfba7d1b50e3acb718b5c1bc94bf7c2f7b854583f31640c81f89e,26,128097,2000000000,256194000000000,44.368874999985565,418.70808000001125,463.0769549999968,true
load-issuance,N100-C8-R3,100,8,3,60,0xbd95c62e1764fdfe0d3813d23cf61fcc57aa4ce7b4704460466b36d4dbf0a2f2,26,128097,2000000000,256194000000000,44.346646999998484,418.70860600000015,463.05525299999863,true
load-issuance,N100-C8-R3,100,8,3,61,0x9c040034c834065f6c17bcac41402db4a1946ae9f61f9f39e954d612cb518ab6,26,128097,2000000000,256194000000000,44.324087999993935,418.71077100001276,463.0348590000067,true
load-issuance,N100-C8-R3,100,8,3,62,0xb2de78d21612eb0d09ecd22fde82ee4affb6512c9bc8933c91e12c3d12d21f47,26,128097,2000000000,256194000000000,44.300989999988815,418.7118640000117,463.0128540000005,true
load-issuance,N100-C8-R3,100,8,3,63,0x8544e0a6cb62ba8ef391e2f8751f29f125d9b4394f6301770f4b267ebbf2a7c7,26,128085,2000000000,256170000000000,44.26658399999724,418.7129459999851,462.97952999998233,true
load-issuance,N100-C8-R3,100,8,3,64,0xd551e8b88edb1642cdf6688e63c07ac838c2c5b702ef3b2deb7e8de95e52fe41,27,128097,2000000000,256194000000000,40.98729099999764,497.3148140000121,538.3021050000098,true
load-issuance,N100-C8-R3,100,8,3,65,0x79175d95c0b55311992248ffba72b164ee433b22ee145f49d74d8d0335a2f7a7,27,128097,2000000000,256194000000000,40.92103900000802,497.3091409999761,538.2301799999841,true
load-issuance,N100-C8-R3,100,8,3,66,0x9d92a4380d04544a050997c2b0c436593153cc0c9d2ecbe673314949e124fc57,27,128097,2000000000,256194000000000,40.89334399998188,497.3103200000187,538.2036640000006,true
load-issuance,N100-C8-R3,100,8,3,67,0x7b83aa866920bf3cdbecf345b36ab8e4fc87a8907b1f3ad5ce30806acc0fd62a,27,128097,2000000000,256194000000000,40.86872399999993,497.311790000007,538.180514000007,true
load-issuance,N100-C8-R3,100,8,3,68,0x01dd68b2fcb6f02bc81b888693cdb8ff8cf0170c51979c1305ec6c3bcf5fae54,27,128097,2000000000,256194000000000,40.84537999998429,497.31314800001564,538.1585279999999,true
load-issuance,N100-C8-R3,100,8,3,69,0x3219b25e714468a0d0eeeb54501168a52d6d3dc5459ef38e3938a9b6ada62ba0,27,128097,2000000000,256194000000000,40.823062999988906,497.3136550000054,538.1367179999943,true
load-issuance,N100-C8-R3,100,8,3,70,0x578ee153aab8b8b012ccc48ccd565dbef3feecfad2d2a4cfef1a4d94cd7fa305,27,128097,2000000000,256194000000000,40.8006109999842,497.3196889999963,538.1202999999805,true
load-issuance,N100-C8-R3,100,8,3,71,0xd72678c19ed012e28527b478a5e30ea5e4111a0445e1790ca566f9a628e27299,27,128085,2000000000,256170000000000,40.68207199999597,497.321036999987,538.0031089999829,true
load-issuance,N100-C8-R3,100,8,3,72,0xb53b68a4bed6cf0dac67b7f5e6b3e06948974d55eaf53f5d8408f54ffe8b2f73,28,128097,2000000000,256194000000000,44.04784399998607,419.32184899999993,463.369692999986,true
load-issuance,N100-C8-R3,100,8,3,73,0xd0aca6c345b8f45350a1b0a7bb45c667c450870c048634b647700895efcbad04,28,128097,2000000000,256194000000000,43.97118399999454,419.316026000015,463.2872100000095,true
load-issuance,N100-C8-R3,100,8,3,74,0x44f89c289036a49d9d30c8eaa09b6b83c8da0e1c1528909319ca14160cca81d3,28,128097,2000000000,256194000000000,43.94378699999652,419.31709900000715,463.26088600000367,true
load-issuance,N100-C8-R3,100,8,3,75,0x485df1111dde3a7e61760b965e176bf6cb850c13b90ec3cdfc93e486e80e5f67,28,128097,2000000000,256194000000000,43.91904700000305,419.3183259999787,463.23737299998174,true
load-issuance,N100-C8-R3,100,8,3,76,0xb6d613bfb4d2a26e46b041a3c74be23f076e5daf784f15cc0673f91eba44bccc,28,128097,2000000000,256194000000000,43.896713999973144,419.31859700000496,463.2153109999781,true
load-issuance,N100-C8-R3,100,8,3,77,0x7f9f870113d19216906b4e238cdd236fea91b72c318da3e0d53da877fe3d18d4,28,128097,2000000000,256194000000000,43.87411599999177,419.3192670000135,463.19338300000527,true
load-issuance,N100-C8-R3,100,8,3,78,0x519022746052f2aa58a09a6f8dd4004518c040ddc5ee844ea84f99076b9b4a93,28,128097,2000000000,256194000000000,43.85308399997302,419.31968500002404,463.17276899999706,true
load-issuance,N100-C8-R3,100,8,3,79,0x24010362510b8668f34879da68d12c156f13ba47b508d7296e646d02ba106e61,28,128097,2000000000,256194000000000,43.81893899998977,419.3200439999928,463.13898299998255,true
load-issuance,N100-C8-R3,100,8,3,80,0x92381d1bce394a1f7b954a78d5b347d93b59a4516ba95bbb041c2469f552d3e4,29,128097,2000000000,256194000000000,40.4784899999795,366.1759230000025,406.654412999982,true
load-issuance,N100-C8-R3,100,8,3,81,0xca6bcc5c0a2f37a687590a1e8cabe02e17c2bd76f486048da21e55993bffd2b9,29,128097,2000000000,256194000000000,40.41157100000419,366.1743350000179,406.5859060000221,true
load-issuance,N100-C8-R3,100,8,3,82,0x4f45773ad9656b20b21ffb815c53b186409c5398940fdd35cdf665eefacadd50,29,128097,2000000000,256194000000000,40.38388599999598,366.17637000000104,406.560255999997,true
load-issuance,N100-C8-R3,100,8,3,83,0x29815d326ceaff19a791127eb63c31162142388bafef5c009ca676eb94b5edd2,29,128097,2000000000,256194000000000,40.360874000005424,366.1779289999977,406.5388030000031,true
load-issuance,N100-C8-R3,100,8,3,84,0xbaa1bb50b548dfe8c4369d31da32a5c0538bfed775ebd43fa35c4a84ae068581,29,128097,2000000000,256194000000000,40.33685799999512,366.1786629999988,406.5155209999939,true
load-issuance,N100-C8-R3,100,8,3,85,0xc8e38c6132b9aaee95e3fd6f75edc13d31281b72c5cea717a5967f0df326f455,29,128085,2000000000,256170000000000,40.31544500001473,366.18292399999336,406.4983690000081,true
load-issuance,N100-C8-R3,100,8,3,86,0x4de24209404dd0351f7018ec350b5d88fc8a4d0b822b0dacd5de86744678153a,29,128085,2000000000,256170000000000,40.29368199998862,366.1837360000063,406.47741799999494,true
load-issuance,N100-C8-R3,100,8,3,87,0xd89d81fad2a070b96c84ee574a58d23da4d0a0e9f2afe42e3d64831d833f632b,29,128097,2000000000,256194000000000,40.260834000015166,366.18528899998637,406.44612300000153,true
load-issuance,N100-C8-R3,100,8,3,88,0xbfbec706c9665a7ac081c72cc202a8cf5f8e7b5407c31bd743c8969af30a4e2f,30,128097,2000000000,256194000000000,38.06401399997412,376.3980589999992,414.4620729999733,true
load-issuance,N100-C8-R3,100,8,3,89,0x105f23f654c8720411a3579b2858f5e61f0c5ca6bf2c0fa17c07d086c1c6146d,30,128085,2000000000,256170000000000,37.94551300001331,376.4015420000069,414.3470550000202,true
load-issuance,N100-C8-R3,100,8,3,90,0xe0be12419448c0d00f12e55f212c1ef9064a012019c6b3c3eb389dd7b03ed709,30,128097,2000000000,256194000000000,37.91358000002219,376.40319099999033,414.3167710000125,true
load-issuance,N100-C8-R3,100,8,3,91,0x6996a4da228367dba2d9738309fcbbd868177e3f6efba4bdbace6881b38c8f17,30,128097,2000000000,256194000000000,37.888756000000285,376.4042469999986,414.29300299999886,true
load-issuance,N100-C8-R3,100,8,3,92,0x7b1e7065d638629c3b350dbf35bac4c8c8622a7f26bc6caea080476fbaf929a0,30,128097,2000000000,256194000000000,37.86572599998908,376.4052559999982,414.27098199998727,true
load-issuance,N100-C8-R3,100,8,3,93,0x6136b798ae433aed6d4c612d89a71227e2b08b37f676e50a0a6868334065c00a,30,128097,2000000000,256194000000000,37.84348999999929,376.4096839999838,414.2531739999831,true
load-issuance,N100-C8-R3,100,8,3,94,0x67241401f9657e49e6cc56b299e30279339f088a4622e1f0fd43b27f3848b4ea,30,128097,2000000000,256194000000000,37.82131499997922,376.4105210000125,414.23183599999174,true
load-issuance,N100-C8-R3,100,8,3,95,0x8efce8c55cea83289b35dc7a25e203473806bcf766258c42ed1f769d63a531f0,30,128097,2000000000,256194000000000,37.78878299999633,376.4113559999969,414.2001389999932,true
load-issuance,N100-C8-R3,100,8,3,96,0x1873308f689b0b3f0ff6817d16be6b32b9b98c2073ff4c81d4a2750e867ad7fc,31,128097,2000000000,256194000000000,37.78317199999583,327.24013799999375,365.0233099999896,true
load-issuance,N100-C8-R3,100,8,3,97,0xac60148b84ebf30d6eae2d8234f8a3995e46909bcf02faad434b4262c30d90f9,31,128085,2000000000,256170000000000,37.71684300000197,327.24496999999974,364.9618130000017,true
load-issuance,N100-C8-R3,100,8,3,98,0x192c53c33ac09c6fcb192293e45187dfae0f9ebbc9c91209bee305fccee1fb97,31,128097,2000000000,256194000000000,37.689268999994965,327.2495540000091,364.93882300000405,true
load-issuance,N100-C8-R3,100,8,3,99,0x52f35f8384ba8fffcc4e488fa447bbf5197a5bffe0f2c19e369219e305e90f45,31,128097,2000000000,256194000000000,37.66587799999979,327.2538970000169,364.91977500001667,true
